[
  {
    "bookName": "我的26岁女房客",
    "deviceId": "",
    "lastRead": 1688480724383,
    "readTime": 1536
  },
  {
    "bookName": "真科技无双",
    "deviceId": "",
    "lastRead": 1680172246766,
    "readTime": 70683308
  },
  {
    "bookName": "不可思议的山海",
    "deviceId": "",
    "lastRead": 1680187141452,
    "readTime": 51556708
  },
  {
    "bookName": "行走诸天万界的旅者",
    "deviceId": "",
    "lastRead": 1680355221617,
    "readTime": 71306470
  },
  {
    "bookName": "我的瓶中宇宙",
    "deviceId": "",
    "lastRead": 1680484398202,
    "readTime": 52678400
  },
  {
    "bookName": "开局失业，我让歌坛大魔王回归",
    "deviceId": "",
    "lastRead": 1680484408014,
    "readTime": 55139971
  },
  {
    "bookName": "蹭出个综艺男神",
    "deviceId": "",
    "lastRead": 1680591415739,
    "readTime": 55021003
  },
  {
    "bookName": "文娱教父",
    "deviceId": "",
    "lastRead": 1680599299231,
    "readTime": 5532134
  },
  {
    "bookName": "三体",
    "deviceId": "",
    "lastRead": 1680750911629,
    "readTime": 191275
  },
  {
    "bookName": "佛爷棍下不留生",
    "deviceId": "",
    "lastRead": 1680888042816,
    "readTime": 3354
  },
  {
    "bookName": "在武侠世界轮回三年后归来",
    "deviceId": "",
    "lastRead": 1680934252488,
    "readTime": 17897234
  },
  {
    "bookName": "我有一座气运祭坛",
    "deviceId": "",
    "lastRead": 1680963729708,
    "readTime": 16936631
  },
  {
    "bookName": "生活系巨星",
    "deviceId": "",
    "lastRead": 1681111426315,
    "readTime": 77970364
  },
  {
    "bookName": "同时穿越了99个世界",
    "deviceId": "",
    "lastRead": 1681121228981,
    "readTime": 5851759
  },
  {
    "bookName": "汉世祖",
    "deviceId": "",
    "lastRead": 1681459733587,
    "readTime": 13446509
  },
  {
    "bookName": "时空干涉手册",
    "deviceId": "",
    "lastRead": 1681569526744,
    "readTime": 75017319
  },
  {
    "bookName": "时空开发指南",
    "deviceId": "",
    "lastRead": 1681637619430,
    "readTime": 34899054
  },
  {
    "bookName": "出笼记",
    "deviceId": "",
    "lastRead": 1681660231514,
    "readTime": 22120663
  },
  {
    "bookName": "我的治愈系游戏",
    "deviceId": "",
    "lastRead": 1681660359424,
    "readTime": 222946481
  },
  {
    "bookName": "学霸的科幻世界",
    "deviceId": "",
    "lastRead": 1681660402920,
    "readTime": 174301573
  },
  {
    "bookName": "高考前，20年后的我发来短信",
    "deviceId": "",
    "lastRead": 1681660504056,
    "readTime": 50074
  },
  {
    "bookName": "为死者代言",
    "deviceId": "",
    "lastRead": 1681831669602,
    "readTime": 135716999
  },
  {
    "bookName": "全球崩坏",
    "deviceId": "",
    "lastRead": 1681832573061,
    "readTime": 415769
  },
  {
    "bookName": "全世界都是演员",
    "deviceId": "",
    "lastRead": 1681916641081,
    "readTime": 33855836
  },
  {
    "bookName": "医学模拟器",
    "deviceId": "",
    "lastRead": 1681949867692,
    "readTime": 11549408
  },
  {
    "bookName": "黄天之世",
    "deviceId": "",
    "lastRead": 1682157080235,
    "readTime": 104108080
  },
  {
    "bookName": "众星之主",
    "deviceId": "",
    "lastRead": 1682175937763,
    "readTime": 4378051
  },
  {
    "bookName": "异仙列传",
    "deviceId": "",
    "lastRead": 1682231912089,
    "readTime": 28229911
  },
  {
    "bookName": "朕的大秦不可能亡",
    "deviceId": "",
    "lastRead": 1682326377269,
    "readTime": 58037449
  },
  {
    "bookName": "我一个人砍翻乱世",
    "deviceId": "",
    "lastRead": 1682509943155,
    "readTime": 83307416
  },
  {
    "bookName": "我，主播，造出变形机甲全球恐慌",
    "deviceId": "",
    "lastRead": 1682521031341,
    "readTime": 1793038
  },
  {
    "bookName": "我有一身被动技",
    "deviceId": "",
    "lastRead": 1682604804235,
    "readTime": 17052459
  },
  {
    "bookName": "大秦：不装了，你爹我是秦始皇",
    "deviceId": "",
    "lastRead": 1683084400028,
    "readTime": 209031152
  },
  {
    "bookName": "随时可以重生",
    "deviceId": "",
    "lastRead": 1683084423177,
    "readTime": 30417317
  },
  {
    "bookName": "重生之文豪崛起",
    "deviceId": "",
    "lastRead": 1683122644107,
    "readTime": 26235721
  },
  {
    "bookName": "朕就是亡国之君",
    "deviceId": "",
    "lastRead": 1683561568466,
    "readTime": 225043043
  },
  {
    "bookName": "巫师世界的永生者",
    "deviceId": "",
    "lastRead": 1683735148702,
    "readTime": 96139624
  },
  {
    "bookName": "江湖风云第一刀",
    "deviceId": "",
    "lastRead": 1683782451131,
    "readTime": 13024990
  },
  {
    "bookName": "码农修真",
    "deviceId": "",
    "lastRead": 1683783234981,
    "readTime": 61252495
  },
  {
    "bookName": "我行走在诸天世界",
    "deviceId": "",
    "lastRead": 1684038342965,
    "readTime": 81393865
  },
  {
    "bookName": "新顺1730",
    "deviceId": "",
    "lastRead": 1684038356965,
    "readTime": 42420226
  },
  {
    "bookName": "倒数第十天",
    "deviceId": "",
    "lastRead": 1684047115015,
    "readTime": 8372831
  },
  {
    "bookName": "皇兄何故造反？",
    "deviceId": "",
    "lastRead": 1684372986684,
    "readTime": 26904751
  },
  {
    "bookName": "全球洞窟求生",
    "deviceId": "",
    "lastRead": 1684372994373,
    "readTime": 7289696
  },
  {
    "bookName": "正经人谁在漫威学魔法啊",
    "deviceId": "",
    "lastRead": 1684483654372,
    "readTime": 33990958
  },
  {
    "bookName": "诸天顶峰",
    "deviceId": "",
    "lastRead": 1684593002543,
    "readTime": 73097305
  },
  {
    "bookName": "鼠行诸天万界",
    "deviceId": "",
    "lastRead": 1684677318035,
    "readTime": 46882707
  },
  {
    "bookName": "玄鉴仙族",
    "deviceId": "",
    "lastRead": 1684770032569,
    "readTime": 69322878
  },
  {
    "bookName": "从up主开始",
    "deviceId": "",
    "lastRead": 1685201692821,
    "readTime": 209499130
  },
  {
    "bookName": "圣墟",
    "deviceId": "",
    "lastRead": 1685256540895,
    "readTime": 399
  },
  {
    "bookName": "塞壬之刃",
    "deviceId": "",
    "lastRead": 1685400377620,
    "readTime": 4991466
  },
  {
    "bookName": "纹身觉醒：开局纹九龙拉棺镇杀僵尸",
    "deviceId": "",
    "lastRead": 1685419497514,
    "readTime": 102125737
  },
  {
    "bookName": "在漫威当超级英雄的那些年",
    "deviceId": "",
    "lastRead": 1685607842516,
    "readTime": 128829933
  },
  {
    "bookName": "维度侵蚀者",
    "deviceId": "",
    "lastRead": 1685855575808,
    "readTime": 25711511
  },
  {
    "bookName": "重生之我是弄潮儿",
    "deviceId": "",
    "lastRead": 1685856565312,
    "readTime": 585
  },
  {
    "bookName": "唯有神",
    "deviceId": "",
    "lastRead": 1685872831645,
    "readTime": 5990179
  },
  {
    "bookName": "欢迎来到BOSS队",
    "deviceId": "",
    "lastRead": 1686070796452,
    "readTime": 56753160
  },
  {
    "bookName": "工业狂魔",
    "deviceId": "",
    "lastRead": 1686714399618,
    "readTime": 149754655
  },
  {
    "bookName": "术师手册",
    "deviceId": "",
    "lastRead": 1686714410834,
    "readTime": 175841161
  },
  {
    "bookName": "这个简化太离谱了！",
    "deviceId": "",
    "lastRead": 1687196032534,
    "readTime": 303943983
  },
  {
    "bookName": "非正常音乐家",
    "deviceId": "",
    "lastRead": 1687501648759,
    "readTime": 182612006
  },
  {
    "bookName": "大国科技",
    "deviceId": "",
    "lastRead": 1687773936791,
    "readTime": 170311210
  },
  {
    "bookName": "我的时空旅舍",
    "deviceId": "",
    "lastRead": 1687789691680,
    "readTime": 21544
  },
  {
    "bookName": "宇宙职业选手",
    "deviceId": "",
    "lastRead": 1687967297838,
    "readTime": 119128
  },
  {
    "bookName": "洪荒关系户",
    "deviceId": "",
    "lastRead": 1688194747664,
    "readTime": 287933535
  },
  {
    "bookName": "封神之我要当昏君",
    "deviceId": "",
    "lastRead": 1688455515470,
    "readTime": 147218632
  },
  {
    "bookName": "我真的不是气运之子",
    "deviceId": "",
    "lastRead": 1688531270889,
    "readTime": 27161145
  },
  {
    "bookName": "大明总宪",
    "deviceId": "",
    "lastRead": 1688556442865,
    "readTime": 23240939
  },
  {
    "bookName": "重生之科技崛起叶舟",
    "deviceId": "",
    "lastRead": 1688625581309,
    "readTime": 40799423
  },
  {
    "bookName": "校花的贴身高手",
    "deviceId": "",
    "lastRead": 1688625778950,
    "readTime": 11078
  },
  {
    "bookName": "我真不是魔神啊",
    "deviceId": "",
    "lastRead": 1688628846213,
    "readTime": 1036785
  },
  {
    "bookName": "诸天长生从明玉功开始",
    "deviceId": "",
    "lastRead": 1688628860171,
    "readTime": 544
  },
  {
    "bookName": "最强万界大穿越",
    "deviceId": "",
    "lastRead": 1688663066537,
    "readTime": 28041832
  },
  {
    "bookName": "游历万界的永生者",
    "deviceId": "",
    "lastRead": 1688741238392,
    "readTime": 42696039
  },
  {
    "bookName": "我真的控制不住自己",
    "deviceId": "",
    "lastRead": 1688979925984,
    "readTime": 510365
  },
  {
    "bookName": "大明：我，朱棣，开局扬言夺嫡！",
    "deviceId": "",
    "lastRead": 1689768018790,
    "readTime": 14320576
  },
  {
    "bookName": "大明第一太子",
    "deviceId": "",
    "lastRead": 1689772823603,
    "readTime": 9186
  },
  {
    "bookName": "大明：我与朱棣争天下",
    "deviceId": "",
    "lastRead": 1689773212780,
    "readTime": 62743
  },
  {
    "bookName": "大明世祖",
    "deviceId": "",
    "lastRead": 1689773635414,
    "readTime": 370480
  },
  {
    "bookName": "我的大明新帝国",
    "deviceId": "",
    "lastRead": 1689779886106,
    "readTime": 6192111
  },
  {
    "bookName": "大明：让你奉旨监国，你去修仙？",
    "deviceId": "",
    "lastRead": 1689779955309,
    "readTime": 983
  },
  {
    "bookName": "正德大帝",
    "deviceId": "",
    "lastRead": 1689957529451,
    "readTime": 99582477
  },
  {
    "bookName": "超自然事件调查笔记",
    "deviceId": "",
    "lastRead": 1690205850665,
    "readTime": 152023311
  },
  {
    "bookName": "宇宙的边缘世界",
    "deviceId": "",
    "lastRead": 1690205877082,
    "readTime": 7686
  },
  {
    "bookName": "虐杀原形的无限之旅",
    "deviceId": "",
    "lastRead": 1690255962012,
    "readTime": 147436603
  },
  {
    "bookName": "掠夺诸天万界",
    "deviceId": "",
    "lastRead": 1690261482597,
    "readTime": 4942807
  },
  {
    "bookName": "我每周随机一个新职业",
    "deviceId": "",
    "lastRead": 1690263276082,
    "readTime": 1136783
  },
  {
    "bookName": "我在超神宇宙考古两万年",
    "deviceId": "",
    "lastRead": 1690263361769,
    "readTime": 639
  },
  {
    "bookName": "这个世界，危在旦夕",
    "deviceId": "",
    "lastRead": 1690266734239,
    "readTime": 3296298
  },
  {
    "bookName": "开局顶流的我怎么会糊",
    "deviceId": "",
    "lastRead": 1690566257413,
    "readTime": 60579858
  },
  {
    "bookName": "医者无眠",
    "deviceId": "",
    "lastRead": 1690775426591,
    "readTime": 106612066
  },
  {
    "bookName": "我怎么模拟成了大反派",
    "deviceId": "",
    "lastRead": 1691023341948,
    "readTime": 194522513
  },
  {
    "bookName": "穿越雨化田，开局葵花宝典大圆满",
    "deviceId": "",
    "lastRead": 1691164491011,
    "readTime": 100071877
  },
  {
    "bookName": "我是反派，我选择开摆",
    "deviceId": "",
    "lastRead": 1691224606675,
    "readTime": 38901067
  },
  {
    "bookName": "我绑架了时间线",
    "deviceId": "",
    "lastRead": 1691225323393,
    "readTime": 385101
  },
  {
    "bookName": "大明：开局直面朱元璋",
    "deviceId": "",
    "lastRead": 1691254568527,
    "readTime": 20833593
  },
  {
    "bookName": "我专属的超凡世界",
    "deviceId": "",
    "lastRead": 1691254963877,
    "readTime": 1497
  },
  {
    "bookName": "我的电影世界",
    "deviceId": "",
    "lastRead": 1691303783550,
    "readTime": 26576941
  },
  {
    "bookName": "超级无限充值系统",
    "deviceId": "",
    "lastRead": 1691303806118,
    "readTime": 4535
  },
  {
    "bookName": "诸天兑换抽奖系统",
    "deviceId": "",
    "lastRead": 1691329942899,
    "readTime": 25545038
  },
  {
    "bookName": "诸天万界辅助系统",
    "deviceId": "",
    "lastRead": 1691420631949,
    "readTime": 51050083
  },
  {
    "bookName": "全球进入大洪水时代",
    "deviceId": "",
    "lastRead": 1692161292879,
    "readTime": 3843661
  },
  {
    "bookName": "斯巴达全面战争",
    "deviceId": "",
    "lastRead": 1692161320106,
    "readTime": 72212009
  },
  {
    "bookName": "异界末世的悠闲生活",
    "deviceId": "",
    "lastRead": 1692161348886,
    "readTime": 65836233
  },
  {
    "bookName": "诡异巫师世界",
    "deviceId": "",
    "lastRead": 1693130729105,
    "readTime": 84071445
  },
  {
    "bookName": "带着网咖回1950",
    "deviceId": "",
    "lastRead": 1693174030037,
    "readTime": 5041
  },
  {
    "bookName": "能穿越的乌鸦",
    "deviceId": "",
    "lastRead": 1693218862276,
    "readTime": 153347599
  },
  {
    "bookName": "迪迦：从哥尔赞开始的无限进化",
    "deviceId": "",
    "lastRead": 1693960796432,
    "readTime": 55453284
  },
  {
    "bookName": "瀚海唐儿归",
    "deviceId": "",
    "lastRead": 1694018046134,
    "readTime": 51638491
  },
  {
    "bookName": "超时空相亲",
    "deviceId": "",
    "lastRead": 1694280959095,
    "readTime": 108169931
  },
  {
    "bookName": "古神在低语",
    "deviceId": "",
    "lastRead": 1694305892456,
    "readTime": 3045392
  },
  {
    "bookName": "全球轮回之我通晓所有剧情",
    "deviceId": "",
    "lastRead": 1694361673023,
    "readTime": 26748
  },
  {
    "bookName": "一切从做梦开始",
    "deviceId": "",
    "lastRead": 1694396570055,
    "readTime": 6541576
  },
  {
    "bookName": "一切从秦时明月开始崛起",
    "deviceId": "",
    "lastRead": 1694416134471,
    "readTime": 14309950
  },
  {
    "bookName": "湮灭太阳系",
    "deviceId": "",
    "lastRead": 1694526225478,
    "readTime": 65708085
  },
  {
    "bookName": "潇洒在影视世界",
    "deviceId": "",
    "lastRead": 1694528229950,
    "readTime": 1070662
  },
  {
    "bookName": "凡人修仙传：我也有掌天瓶",
    "deviceId": "",
    "lastRead": 1694529278311,
    "readTime": 154525
  },
  {
    "bookName": "黑卡",
    "deviceId": "",
    "lastRead": 1694587010828,
    "readTime": 44563957
  },
  {
    "bookName": "大秦国相",
    "deviceId": "",
    "lastRead": 1694950589239,
    "readTime": 82797591
  },
  {
    "bookName": "我的手机连接游戏仓库",
    "deviceId": "",
    "lastRead": 1695018468636,
    "readTime": 2148286
  },
  {
    "bookName": "陈医生，别怂！",
    "deviceId": "",
    "lastRead": 1695190140815,
    "readTime": 94422396
  },
  {
    "bookName": "我在魔法世界开创互联网时代",
    "deviceId": "",
    "lastRead": 1695655277907,
    "readTime": 85414763
  },
  {
    "bookName": "影视世界从药神开始",
    "deviceId": "",
    "lastRead": 1695869897546,
    "readTime": 2396809
  },
  {
    "bookName": "国姓窃明",
    "deviceId": "",
    "lastRead": 1695869953736,
    "readTime": 64086
  },
  {
    "bookName": "低维游戏",
    "deviceId": "",
    "lastRead": 1695881847323,
    "readTime": 10154826
  },
  {
    "bookName": "今天开始做项羽",
    "deviceId": "",
    "lastRead": 1695882071388,
    "readTime": 268239
  },
  {
    "bookName": "我在绝地求生杀敌成神",
    "deviceId": "",
    "lastRead": 1695960263323,
    "readTime": 66349005
  },
  {
    "bookName": "我又弄崩了校园怪谈",
    "deviceId": "",
    "lastRead": 1696090004288,
    "readTime": 74217087
  },
  {
    "bookName": "满唐红",
    "deviceId": "",
    "lastRead": 1696265141753,
    "readTime": 103145684
  },
  {
    "bookName": "从武当开始的诸天之旅",
    "deviceId": "",
    "lastRead": 1696596272437,
    "readTime": 219100122
  },
  {
    "bookName": "华娱之我即是天命",
    "deviceId": "",
    "lastRead": 1696598427567,
    "readTime": 1830907
  },
  {
    "bookName": "大家请我当皇帝",
    "deviceId": "",
    "lastRead": 1696687738099,
    "readTime": 59228417
  },
  {
    "bookName": "我的江湖",
    "deviceId": "",
    "lastRead": 1696695747166,
    "readTime": 21417
  },
  {
    "bookName": "雪中悍刀行",
    "deviceId": "",
    "lastRead": 1696728407966,
    "readTime": 529643
  },
  {
    "bookName": "活在诸天",
    "deviceId": "",
    "lastRead": 1696779180680,
    "readTime": 60497340
  },
  {
    "bookName": "孙悟空的人生模拟器",
    "deviceId": "",
    "lastRead": 1697849520491,
    "readTime": 4657948
  },
  {
    "bookName": "临高启明",
    "deviceId": "",
    "lastRead": 1697991706094,
    "readTime": 106582057
  },
  {
    "bookName": "超维杀",
    "deviceId": "",
    "lastRead": 1698020625309,
    "readTime": 2606419
  },
  {
    "bookName": "完美世界",
    "deviceId": "",
    "lastRead": 1698217406603,
    "readTime": 18573788
  },
  {
    "bookName": "我在聊天群模拟长生路",
    "deviceId": "",
    "lastRead": 1698880848853,
    "readTime": 21236618
  },
  {
    "bookName": "新书",
    "deviceId": "",
    "lastRead": 1699112910345,
    "readTime": 17764249
  },
  {
    "bookName": "光怪陆离侦探社",
    "deviceId": "",
    "lastRead": 1699143563666,
    "readTime": 30299081
  },
  {
    "bookName": "寻找无间地狱",
    "deviceId": "",
    "lastRead": 1699343254142,
    "readTime": 125221083
  },
  {
    "bookName": "全球诡异：我能提前模拟",
    "deviceId": "",
    "lastRead": 1699806046776,
    "readTime": 289273496
  },
  {
    "bookName": "武侠世界轮回者",
    "deviceId": "",
    "lastRead": 1699810918973,
    "readTime": 3589996
  },
  {
    "bookName": "无限传奇之机械师",
    "deviceId": "",
    "lastRead": 1699889840983,
    "readTime": 16012
  },
  {
    "bookName": "异常收藏家",
    "deviceId": "",
    "lastRead": 1699979073701,
    "readTime": 8807471
  },
  {
    "bookName": "映照万界",
    "deviceId": "",
    "lastRead": 1700280678339,
    "readTime": 73380485
  },
  {
    "bookName": "我能超越空间",
    "deviceId": "",
    "lastRead": 1700713348452,
    "readTime": 210074652
  },
  {
    "bookName": "怪谈作者拖更日记",
    "deviceId": "",
    "lastRead": 1700808144911,
    "readTime": 696528
  },
  {
    "bookName": "困在日食的那一天",
    "deviceId": "",
    "lastRead": 1700808625534,
    "readTime": 46082402
  },
  {
    "bookName": "无限使命",
    "deviceId": "",
    "lastRead": 1701180982782,
    "readTime": 1609
  },
  {
    "bookName": "我家娘子，不对劲",
    "deviceId": "",
    "lastRead": 1701186802634,
    "readTime": 228922530
  },
  {
    "bookName": "脑洞大爆炸",
    "deviceId": "",
    "lastRead": 1701188226280,
    "readTime": 323833
  },
  {
    "bookName": "死亡列车",
    "deviceId": "",
    "lastRead": 1701191737994,
    "readTime": 1598238
  },
  {
    "bookName": "鬼墓迷灯",
    "deviceId": "",
    "lastRead": 1701219254374,
    "readTime": 25741179
  },
  {
    "bookName": "最后一个嫌疑人X",
    "deviceId": "",
    "lastRead": 1701219339567,
    "readTime": 765
  },
  {
    "bookName": "人类大脑牧场",
    "deviceId": "",
    "lastRead": 1701220343955,
    "readTime": 460160
  },
  {
    "bookName": "箱子里的大明",
    "deviceId": "",
    "lastRead": 1702094363935,
    "readTime": 79455724
  },
  {
    "bookName": "万界淘宝商",
    "deviceId": "",
    "lastRead": 1702113746687,
    "readTime": 18615318
  },
  {
    "bookName": "文骚",
    "deviceId": "",
    "lastRead": 1702140979338,
    "readTime": 24106172
  },
  {
    "bookName": "我的盗墓往事",
    "deviceId": "",
    "lastRead": 1702142709439,
    "readTime": 184197
  },
  {
    "bookName": "寻尸人自传",
    "deviceId": "",
    "lastRead": 1702174047202,
    "readTime": 31262848
  },
  {
    "bookName": "末日圆环",
    "deviceId": "",
    "lastRead": 1702262421355,
    "readTime": 9992408
  },
  {
    "bookName": "我拍个鬼片，咋就成天师了？",
    "deviceId": "",
    "lastRead": 1702659523971,
    "readTime": 125149414
  },
  {
    "bookName": "召唤梦魇",
    "deviceId": "",
    "lastRead": 1702659704049,
    "readTime": 36816309
  },
  {
    "bookName": "我突然有了高维干涉力",
    "deviceId": "",
    "lastRead": 1702659838874,
    "readTime": 43024
  },
  {
    "bookName": "低维革命",
    "deviceId": "",
    "lastRead": 1702783089437,
    "readTime": 1664197
  },
  {
    "bookName": "末世天灾，抢艘航母当基地",
    "deviceId": "",
    "lastRead": 1703090880664,
    "readTime": 7568153
  },
  {
    "bookName": "诸天武命",
    "deviceId": "",
    "lastRead": 1703324962293,
    "readTime": 158269461
  },
  {
    "bookName": "原点序列",
    "deviceId": "",
    "lastRead": 1705071678124,
    "readTime": 599
  },
  {
    "bookName": "唐人的餐桌",
    "deviceId": "",
    "lastRead": 1705071826155,
    "readTime": 1080
  },
  {
    "bookName": "我的前世模拟器",
    "deviceId": "",
    "lastRead": 1705164885469,
    "readTime": 58601864
  },
  {
    "bookName": "智人",
    "deviceId": "",
    "lastRead": 1705203481985,
    "readTime": 145741359
  },
  {
    "bookName": "异维度游戏",
    "deviceId": "",
    "lastRead": 1705541755356,
    "readTime": 11270378
  },
  {
    "bookName": "重生之大文豪",
    "deviceId": "",
    "lastRead": 1705658041065,
    "readTime": 100744185
  },
  {
    "bookName": "深空之流浪舰队",
    "deviceId": "",
    "lastRead": 1706688101371,
    "readTime": 132373424
  },
  {
    "bookName": "回到史前当野人",
    "deviceId": "",
    "lastRead": 1706752869686,
    "readTime": 36416682
  },
  {
    "bookName": "文娱业的幕后大佬",
    "deviceId": "",
    "lastRead": 1706811000558,
    "readTime": 1017101
  },
  {
    "bookName": "什么叫一流救世主啊",
    "deviceId": "",
    "lastRead": 1707224903109,
    "readTime": 72670529
  },
  {
    "bookName": "大明国师",
    "deviceId": "",
    "lastRead": 1707398536249,
    "readTime": 93274329
  },
  {
    "bookName": "我家水库真没巨蟒啊",
    "deviceId": "",
    "lastRead": 1707418424827,
    "readTime": 18698600
  },
  {
    "bookName": "万界守门人",
    "deviceId": "",
    "lastRead": 1707463956809,
    "readTime": 23250758
  },
  {
    "bookName": "电影世界大拯救",
    "deviceId": "",
    "lastRead": 1707834951560,
    "readTime": 67030209
  },
  {
    "bookName": "诡异降临？还好我是十殿阎王",
    "deviceId": "",
    "lastRead": 1707891236441,
    "readTime": 6946258
  },
  {
    "bookName": "怎么又是天谴圈",
    "deviceId": "",
    "lastRead": 1708008824394,
    "readTime": 90955678
  },
  {
    "bookName": "回到原始部落当酋长",
    "deviceId": "",
    "lastRead": 1708018616895,
    "readTime": 3319948
  },
  {
    "bookName": "电影世界穿梭门",
    "deviceId": "",
    "lastRead": 1708051694341,
    "readTime": 5315646
  },
  {
    "bookName": "庆余年",
    "deviceId": "",
    "lastRead": 1708052069536,
    "readTime": 228637
  },
  {
    "bookName": "诸天从茅山开始",
    "deviceId": "",
    "lastRead": 1708054587508,
    "readTime": 2115887
  },
  {
    "bookName": "降临诸天世界",
    "deviceId": "",
    "lastRead": 1708069131976,
    "readTime": 10911756
  },
  {
    "bookName": "影视先锋",
    "deviceId": "",
    "lastRead": 1708101068113,
    "readTime": 26108447
  },
  {
    "bookName": "明朝伪君子",
    "deviceId": "",
    "lastRead": 1708136138334,
    "readTime": 34181605
  },
  {
    "bookName": "天道今天不上班",
    "deviceId": "",
    "lastRead": 1708141157637,
    "readTime": 4182
  },
  {
    "bookName": "我在诸天万法成道",
    "deviceId": "",
    "lastRead": 1708147907785,
    "readTime": 4773594
  },
  {
    "bookName": "能穿越的我该怎么浪",
    "deviceId": "",
    "lastRead": 1708449469014,
    "readTime": 25174174
  },
  {
    "bookName": "位面复制大师",
    "deviceId": "",
    "lastRead": 1708449863743,
    "readTime": 24292
  },
  {
    "bookName": "守望黎明号",
    "deviceId": "",
    "lastRead": 1708483443430,
    "readTime": 9066065
  },
  {
    "bookName": "我真是穿越者",
    "deviceId": "",
    "lastRead": 1708624353204,
    "readTime": 7331417
  },
  {
    "bookName": "无敌从先造个世界开始",
    "deviceId": "",
    "lastRead": 1709309012921,
    "readTime": 10752758
  },
  {
    "bookName": "我就是神！",
    "deviceId": "",
    "lastRead": 1712106645395,
    "readTime": 28240374
  },
  {
    "bookName": "大明暴君：我是个木匠",
    "deviceId": "",
    "lastRead": 1712127819786,
    "readTime": 15894012
  },
  {
    "bookName": "位面交易系统",
    "deviceId": "",
    "lastRead": 1712128712891,
    "readTime": 870161
  },
  {
    "bookName": "西游三千界",
    "deviceId": "",
    "lastRead": 1712129218944,
    "readTime": 78076
  },
  {
    "bookName": "死后三万年",
    "deviceId": "",
    "lastRead": 1713316939024,
    "readTime": 59015323
  },
  {
    "bookName": "低维降临",
    "deviceId": "",
    "lastRead": 1713445497366,
    "readTime": 108199592
  },
  {
    "bookName": "终于联系上地球，你说不要回答？",
    "deviceId": "",
    "lastRead": 1715068090685,
    "readTime": 20589632
  },
  {
    "bookName": "时空长河的旅者",
    "deviceId": "",
    "lastRead": 1715176404587,
    "readTime": 58326740
  },
  {
    "bookName": "大明第一贪官",
    "deviceId": "",
    "lastRead": 1715838785256,
    "readTime": 448121088
  },
  {
    "bookName": "我本无意成仙",
    "deviceId": "",
    "lastRead": 1716032467620,
    "readTime": 155414178
  },
  {
    "bookName": "我要做太孙",
    "deviceId": "",
    "lastRead": 1717809164321,
    "readTime": 124314266
  },
  {
    "bookName": "我要做皇帝",
    "deviceId": "",
    "lastRead": 1717809173438,
    "readTime": 903
  },
  {
    "bookName": "神佛竟是我自己",
    "deviceId": "",
    "lastRead": 1718361760972,
    "readTime": 777
  },
  {
    "bookName": "两界：从关公像睁眼开始",
    "deviceId": "",
    "lastRead": 1720395863158,
    "readTime": 366317024
  },
  {
    "bookName": "从赛博朋克开始的跨位面科工",
    "deviceId": "",
    "lastRead": 1720401388570,
    "readTime": 5075238
  },
  {
    "bookName": "我把修仙界上交给国家",
    "deviceId": "",
    "lastRead": 1720595810084,
    "readTime": 149411167
  },
  {
    "bookName": "秦吏",
    "deviceId": "",
    "lastRead": 1720922178234,
    "readTime": 119379614
  },
  {
    "bookName": "神话纪元，我进化成了恒星级巨兽",
    "deviceId": "",
    "lastRead": 1721238416532,
    "readTime": 6211212
  },
  {
    "bookName": "期待在异世界",
    "deviceId": "",
    "lastRead": 1721269237946,
    "readTime": 1396
  },
  {
    "bookName": "我能一次次回档重生",
    "deviceId": "",
    "lastRead": 1721277254893,
    "readTime": 27048277
  },
  {
    "bookName": "我说了我会时光倒流",
    "deviceId": "",
    "lastRead": 1721488115674,
    "readTime": 174391358
  },
  {
    "bookName": "无限轮回荣光",
    "deviceId": "",
    "lastRead": 1721488383873,
    "readTime": 89046
  },
  {
    "bookName": "我能复制机械的能力",
    "deviceId": "",
    "lastRead": 1721492331361,
    "readTime": 3846935
  },
  {
    "bookName": "這個美術社大有問題！",
    "deviceId": "",
    "lastRead": 1721635693567,
    "readTime": 10426
  },
  {
    "bookName": "宿主请留步",
    "deviceId": "",
    "lastRead": 1721835198149,
    "readTime": 118998228
  },
  {
    "bookName": "你当律师，把法官送进去了？",
    "deviceId": "",
    "lastRead": 1722015857518,
    "readTime": 140164917
  },
  {
    "bookName": "盗墓之敲棺",
    "deviceId": "",
    "lastRead": 1722449080426,
    "readTime": 8984329
  },
  {
    "bookName": "从手搓CPU开始横扫宇宙",
    "deviceId": "",
    "lastRead": 1722621217915,
    "readTime": 40766628
  },
  {
    "bookName": "他太听劝了，竟然真练成了超凡",
    "deviceId": "",
    "lastRead": 1723543976556,
    "readTime": 76116988
  },
  {
    "bookName": "从虐杀原形开始不死不灭",
    "deviceId": "",
    "lastRead": 1723546783000,
    "readTime": 2553759
  },
  {
    "bookName": "从美漫开始获取黑科技",
    "deviceId": "",
    "lastRead": 1723555535569,
    "readTime": 8644164
  },
  {
    "bookName": "诸天最强影帝",
    "deviceId": "",
    "lastRead": 1724287479904,
    "readTime": 49239929
  },
  {
    "bookName": "我的世界双穿门",
    "deviceId": "",
    "lastRead": 1724679835274,
    "readTime": 12586351
  },
  {
    "bookName": "从盗墓开始探险直播",
    "deviceId": "",
    "lastRead": 1725954283604,
    "readTime": 2985540
  },
  {
    "bookName": "星期五有鬼",
    "deviceId": "",
    "lastRead": 1727819337884,
    "readTime": 846868654
  },
  {
    "bookName": "你专家组，怎么跟我一逃犯学刑侦",
    "deviceId": "",
    "lastRead": 1728044385515,
    "readTime": 136546933
  },
  {
    "bookName": "捞尸人",
    "deviceId": "",
    "lastRead": 1728131535956,
    "readTime": 12424
  },
  {
    "bookName": "重生商纣，开局怒怼圣人女娲",
    "deviceId": "",
    "lastRead": 1734443567122,
    "readTime": 28920597
  },
  {
    "bookName": "异度旅社",
    "deviceId": "",
    "lastRead": 1738585639800,
    "readTime": 686
  },
  {
    "bookName": "时空穿梭之无尽的副本世界",
    "deviceId": "",
    "lastRead": 1738633658192,
    "readTime": 46385609
  },
  {
    "bookName": "窃明",
    "deviceId": "",
    "lastRead": 1738737090847,
    "readTime": 1625323
  },
  {
    "bookName": "山沟皇帝",
    "deviceId": "",
    "lastRead": 1746005391818,
    "readTime": 86611763
  },
  {
    "bookName": "信息全知者",
    "deviceId": "",
    "lastRead": 1748957429219,
    "readTime": 101
  },
  {
    "bookName": "自完美世界开始",
    "deviceId": "",
    "lastRead": 1757858681562,
    "readTime": 24154
  },
  {
    "bookName": "我有一枚命运魔骰",
    "deviceId": "",
    "lastRead": 1757941769849,
    "readTime": 35318190
  },
  {
    "bookName": "宿命之环",
    "deviceId": "",
    "lastRead": 1759583638679,
    "readTime": 11658
  },
  {
    "bookName": "超级母舰",
    "deviceId": "",
    "lastRead": 1760003150354,
    "readTime": 260817584
  },
  {
    "bookName": "恐龙快打",
    "deviceId": "",
    "lastRead": 1760450489942,
    "readTime": 1251
  },
  {
    "bookName": "榨精病栋",
    "deviceId": "",
    "lastRead": 1760450754927,
    "readTime": 3058
  },
  {
    "bookName": "我写的自传不可能是悲剧",
    "deviceId": "",
    "lastRead": 1762130377077,
    "readTime": 60919129
  }
]