[
  {
    "bgAlpha": 100,
    "bgStr": "山水画.jpg",
    "bgStrEInk": "#FFFFFF",
    "bgStrNight": "#000000",
    "bgType": 1,
    "bgTypeEInk": 0,
    "bgTypeNight": 0,
    "darkStatusIcon": true,
    "darkStatusIconEInk": true,
    "darkStatusIconNight": false,
    "footerMode": 0,
    "footerPaddingBottom": 5,
    "footerPaddingLeft": 16,
    "footerPaddingRight": 16,
    "footerPaddingTop": 0,
    "headerMode": 0,
    "headerPaddingBottom": 0,
    "headerPaddingLeft": 80,
    "headerPaddingRight": 20,
    "headerPaddingTop": 35,
    "letterSpacing": 0.03,
    "lineSpacingExtra": 12,
    "name": "自用",
    "paddingBottom": 11,
    "paddingLeft": 16,
    "paddingRight": 16,
    "paddingTop": 11,
    "pageAnim": 4,
    "pageAnimEInk": 3,
    "paragraphIndent": "　　",
    "paragraphSpacing": 5,
    "showFooterLine": false,
    "showHeaderLine": false,
    "textBold": 0,
    "textColor": "#ff3d1f10",
    "textColorEInk": "#000000",
    "textColorNight": "#adadad",
    "textFont": "",
    "textSize": 20,
    "tipColor": -11529196,
    "tipDividerColor": -2538685,
    "tipFooterLeft": 1,
    "tipFooterMiddle": 0,
    "tipFooterRight": 6,
    "tipHeaderLeft": 0,
    "tipHeaderMiddle": 0,
    "tipHeaderRight": 0,
    "titleBottomSpacing": 0,
    "titleMode": 0,
    "titleSize": 3,
    "titleTopSpacing": 0,
    "underline": false
  },
  {
    "bgAlpha": 100,
    "bgStr": "/storage/emulated/0/Android/data/io.legado.app.release/files/bg/1.png",
    "bgStrEInk": "#FFFFFF",
    "bgStrNight": "#3C3F43",
    "bgType": 2,
    "bgTypeEInk": 0,
    "bgTypeNight": 0,
    "darkStatusIcon": true,
    "darkStatusIconEInk": true,
    "darkStatusIconNight": false,
    "footerMode": 0,
    "footerPaddingBottom": 5,
    "footerPaddingLeft": 16,
    "footerPaddingRight": 16,
    "footerPaddingTop": 20,
    "headerMode": 0,
    "headerPaddingBottom": 30,
    "headerPaddingLeft": 25,
    "headerPaddingRight": 25,
    "headerPaddingTop": 36,
    "letterSpacing": 0.02,
    "lineSpacingExtra": 12,
    "name": "牛皮",
    "paddingBottom": 0,
    "paddingLeft": 22,
    "paddingRight": 22,
    "paddingTop": 0,
    "pageAnim": 0,
    "pageAnimEInk": 3,
    "paragraphIndent": "　　",
    "paragraphSpacing": 6,
    "showFooterLine": false,
    "showHeaderLine": false,
    "textBold": 0,
    "textColor": "#ff302303",
    "textColorEInk": "#000000",
    "textColorNight": "#DCDFE1",
    "textFont": "",
    "textSize": 18,
    "tipColor": -7964843,
    "tipDividerColor": -1,
    "tipFooterLeft": 6,
    "tipFooterMiddle": 0,
    "tipFooterRight": 8,
    "tipHeaderLeft": 1,
    "tipHeaderMiddle": 0,
    "tipHeaderRight": 0,
    "titleBottomSpacing": 40,
    "titleMode": 0,
    "titleSize": 10,
    "titleTopSpacing": 0,
    "underline": false
  },
  {
    "bgAlpha": 100,
    "bgStr": "#000000",
    "bgStrEInk": "#FFFFFF",
    "bgStrNight": "#000000",
    "bgType": 0,
    "bgTypeEInk": 0,
    "bgTypeNight": 0,
    "darkStatusIcon": false,
    "darkStatusIconEInk": true,
    "darkStatusIconNight": false,
    "footerMode": 0,
    "footerPaddingBottom": 6,
    "footerPaddingLeft": 16,
    "footerPaddingRight": 16,
    "footerPaddingTop": 6,
    "headerMode": 0,
    "headerPaddingBottom": 0,
    "headerPaddingLeft": 16,
    "headerPaddingRight": 16,
    "headerPaddingTop": 0,
    "letterSpacing": 0.0,
    "lineSpacingExtra": 10,
    "name": "",
    "paddingBottom": 0,
    "paddingLeft": 16,
    "paddingRight": 16,
    "paddingTop": 0,
    "pageAnim": 0,
    "pageAnimEInk": 3,
    "paragraphIndent": "　　",
    "paragraphSpacing": 12,
    "showFooterLine": true,
    "showHeaderLine": false,
    "textBold": 0,
    "textColor": "#adadad",
    "textColorEInk": "#000000",
    "textColorNight": "#adadad",
    "textFont": "",
    "textSize": 24,
    "tipColor": 0,
    "tipDividerColor": -1,
    "tipFooterLeft": 1,
    "tipFooterMiddle": 0,
    "tipFooterRight": 6,
    "tipHeaderLeft": 2,
    "tipHeaderMiddle": 0,
    "tipHeaderRight": 3,
    "titleBottomSpacing": 0,
    "titleMode": 0,
    "titleSize": 0,
    "titleTopSpacing": 0,
    "underline": false
  },
  {
    "bgAlpha": 100,
    "bgStr": "#ffded9c5",
    "bgStrEInk": "#FFFFFF",
    "bgStrNight": "#ff0e0e0e",
    "bgType": 0,
    "bgTypeEInk": 0,
    "bgTypeNight": 0,
    "darkStatusIcon": true,
    "darkStatusIconEInk": true,
    "darkStatusIconNight": false,
    "footerMode": 0,
    "footerPaddingBottom": 0,
    "footerPaddingLeft": 28,
    "footerPaddingRight": 27,
    "footerPaddingTop": 0,
    "headerMode": 1,
    "headerPaddingBottom": 0,
    "headerPaddingLeft": 17,
    "headerPaddingRight": 1,
    "headerPaddingTop": 0,
    "letterSpacing": 0.0,
    "lineSpacingExtra": 14,
    "name": "番茄小说",
    "paddingBottom": 11,
    "paddingLeft": 21,
    "paddingRight": 20,
    "paddingTop": 12,
    "pageAnim": 0,
    "pageAnimEInk": 3,
    "paragraphIndent": "　　",
    "paragraphSpacing": 8,
    "showFooterLine": true,
    "showHeaderLine": false,
    "textBold": 0,
    "textColor": "#ff5b4928",
    "textColorEInk": "#000000",
    "textColorNight": "#ffbfbfbf",
    "textFont": "",
    "textSize": 17,
    "tipColor": -10461088,
    "tipDividerColor": -1,
    "tipFooterLeft": 6,
    "tipFooterMiddle": 7,
    "tipFooterRight": 9,
    "tipHeaderLeft": 1,
    "tipHeaderMiddle": 0,
    "tipHeaderRight": 0,
    "titleBottomSpacing": 0,
    "titleMode": 0,
    "titleSize": 0,
    "titleTopSpacing": 0,
    "underline": false
  },
  {
    "bgAlpha": 100,
    "bgStr": "#EEEEEE",
    "bgStrEInk": "#FFFFFF",
    "bgStrNight": "#000000",
    "bgType": 0,
    "bgTypeEInk": 0,
    "bgTypeNight": 0,
    "darkStatusIcon": true,
    "darkStatusIconEInk": true,
    "darkStatusIconNight": false,
    "footerMode": 0,
    "footerPaddingBottom": 6,
    "footerPaddingLeft": 16,
    "footerPaddingRight": 16,
    "footerPaddingTop": 6,
    "headerMode": 0,
    "headerPaddingBottom": 0,
    "headerPaddingLeft": 16,
    "headerPaddingRight": 16,
    "headerPaddingTop": 0,
    "letterSpacing": 0.1,
    "lineSpacingExtra": 12,
    "name": "",
    "paddingBottom": 6,
    "paddingLeft": 16,
    "paddingRight": 16,
    "paddingTop": 6,
    "pageAnim": 0,
    "pageAnimEInk": 3,
    "paragraphIndent": "　　",
    "paragraphSpacing": 2,
    "showFooterLine": true,
    "showHeaderLine": false,
    "textBold": 0,
    "textColor": "#3E3D3B",
    "textColorEInk": "#000000",
    "textColorNight": "#ADADAD",
    "textFont": "",
    "textSize": 20,
    "tipColor": 0,
    "tipDividerColor": -1,
    "tipFooterLeft": 1,
    "tipFooterMiddle": 0,
    "tipFooterRight": 6,
    "tipHeaderLeft": 2,
    "tipHeaderMiddle": 0,
    "tipHeaderRight": 3,
    "titleBottomSpacing": 0,
    "titleMode": 0,
    "titleSize": 0,
    "titleTopSpacing": 0,
    "underline": false
  }
]