[
  {
    "group": "格式",
    "id": 1,
    "isEnabled": true,
    "isRegex": true,
    "name": "#01 数字标题#JS",
    "order": 1,
    "pattern": "^第[零〇一二三四五六七八九十百千两]{1,7}[章节]|(?i)(?<=\\w\\W{0,3})[\\(\\[\\{（［｛【](?=\\S{0,18}(?:[更谢祝票盟章]|求\\w{0,4}[订推藏]|推荐|恭喜|快乐|合[一1]|[千万KW]字|\\d[KW]|\\d/\\d))\\S{0,19}$",
    "replacement": "@js:if (result.slice(0,1)==\"第\") {\nresult.replace(/(第(?=[十百千])|千[零〇]?(?=十))/g,\"$1一\").replace(/(千)(?=[章节])/g,\"$1零零零\").replace(/(百)(?=[章节])/g,\"$1零零\").replace(/(十(?=[章节])|千(?=零[一二三四五六七八九][章节]|[一二三四五六七八九]十))/g,\"$1零\").replace(/[千百十]/g,\"\").replace(/零|〇/g,\"0\").replace(/一/g,\"1\").replace(/二|两/g,\"2\").replace(/三/g,\"3\").replace(/四/g,\"4\").replace(/五/g,\"5\").replace(/六/g,\"6\").replace(/七/g,\"7\").replace(/八/g,\"8\").replace(/九/g,\"9\").replace(/(第)(?=\\d[章节])/g,\"$100\").replace(/(第)(?=\\d\\d[章节])/g,\"$10\")\n}\nelse{\"\"}",
    "scopeContent": false,
    "scopeTitle": true,
    "timeoutMillisecond": 3000
  },
  {
    "group": "格式",
    "id": 2,
    "isEnabled": true,
    "isRegex": true,
    "name": "#02 全角字符#JS",
    "order": 2,
    "pattern": "[０-９Ａ-Ｚａ-ｚ＜／＞［］｛｝＋＝＼＠＃％＆＄＾￥～]|[\\(\\)､｡｢｣「」『』]|(?<!\\d)\\b[．\\.]\\b(?!\\d)(?=(?:[A-Z][a-zA-Z]{0,9}[．\\.·]){0,2}[\\u4e00-\\u9fcc])|(?<![∶︰])[∶︰](?![∶︰])",
    "replacement": "@js:R=result;\nR==\"０\"?\"0\":\nR==\"１\"?\"1\":\nR==\"２\"?\"2\":\nR==\"３\"?\"3\":\nR==\"４\"?\"4\":\nR==\"５\"?\"5\":\nR==\"６\"?\"6\":\nR==\"７\"?\"7\":\nR==\"８\"?\"8\":\nR==\"９\"?\"9\":\nR==\"Ａ\"?\"A\":\nR==\"Ｂ\"?\"B\":\nR==\"Ｃ\"?\"C\":\nR==\"Ｄ\"?\"D\":\nR==\"Ｅ\"?\"E\":\nR==\"Ｆ\"?\"F\":\nR==\"Ｇ\"?\"G\":\nR==\"Ｈ\"?\"H\":\nR==\"Ｉ\"?\"I\":\nR==\"Ｊ\"?\"J\":\nR==\"Ｋ\"?\"K\":\nR==\"Ｌ\"?\"L\":\nR==\"Ｍ\"?\"M\":\nR==\"Ｎ\"?\"N\":\nR==\"Ｏ\"?\"O\":\nR==\"Ｐ\"?\"P\":\nR==\"Ｑ\"?\"Q\":\nR==\"Ｒ\"?\"R\":\nR==\"Ｓ\"?\"S\":\nR==\"Ｔ\"?\"T\":\nR==\"Ｕ\"?\"U\":\nR==\"Ｖ\"?\"V\":\nR==\"Ｗ\"?\"W\":\nR==\"Ｘ\"?\"X\":\nR==\"Ｙ\"?\"Y\":\nR==\"Ｚ\"?\"Z\":\nR==\"ａ\"?\"a\":\nR==\"ｂ\"?\"b\":\nR==\"ｃ\"?\"c\":\nR==\"ｄ\"?\"d\":\nR==\"ｅ\"?\"e\":\nR==\"ｆ\"?\"f\":\nR==\"ｇ\"?\"g\":\nR==\"ｈ\"?\"h\":\nR==\"ｉ\"?\"i\":\nR==\"ｊ\"?\"j\":\nR==\"ｋ\"?\"k\":\nR==\"ｌ\"?\"l\":\nR==\"ｍ\"?\"m\":\nR==\"ｎ\"?\"n\":\nR==\"ｏ\"?\"o\":\nR==\"ｐ\"?\"p\":\nR==\"ｑ\"?\"q\":\nR==\"ｒ\"?\"r\":\nR==\"ｓ\"?\"s\":\nR==\"ｔ\"?\"t\":\nR==\"ｕ\"?\"u\":\nR==\"ｖ\"?\"v\":\nR==\"ｗ\"?\"w\":\nR==\"ｘ\"?\"x\":\nR==\"ｙ\"?\"y\":\nR==\"ｚ\"?\"z\":\nR==\"＜\"?\"<\":\nR==\"／\"?\"/\":\nR==\"＞\"?\">\":\nR==\"［\"?\"[\":\nR==\"］\"?\"]\":\nR==\"｛\"?\"{\":\nR==\"｝\"?\"}\":\nR==\"＋\"?\"+\":\nR==\"＝\"?\"=\":\nR==\"＼\"?\"\\\\\\\\\":\nR==\"＠\"?\"@\":\nR==\"＃\"?\"#\":\nR==\"％\"?\"%\":\nR==\"＆\"?\"&\":\nR==\"＄\"?\"\\\\$\":\nR==\"＾\"?\"\\\\^\":\nR==\"￥\"?\"¥\":\nR==\"～\"?\"~\":\nR==\"(\"?\"（\":\nR==\")\"?\"）\":\nR==\"､\"?\"、\":\nR==\"｡\"?\"。\":\nR==\"｢\"?\"“\":\nR==\"｣\"?\"”\":\nR==\"「\"?\"“\":\nR==\"」\"?\"”\":\nR==\"『\"?\"‘\":\nR==\"』\"?\"’\":\nR==\"．\"?\"ꔷ\":\nR==\".\"?\"ꔷ\":\nR==\"∶\"?\"：\":\nR==\"︰\"?\"：\":\nR",
    "scopeContent": true,
    "scopeTitle": false,
    "timeoutMillisecond": 3000
  },
  {
    "group": "格式",
    "id": 3,
    "isEnabled": true,
    "isRegex": true,
    "name": "#03 其他字符#JS",
    "order": 3,
    "pattern": "(?mi)(?<=^(?:\\w\\w)?(?:简介|介绍|概要|作者|角色|人物|说明|资料|百科|大全|[档方文]案|日志|面板|列表|公告|通知|广播|任务)|如下)\\b$|(?<=[说问]道)(?=“)(?!“\\w{1,9}”)|\\.{3,}|·{3,}|\\b·\\b|．(?!(?<=\\d．)\\d)|(?<=[\\u4e00-\\u9fcc][\\w\\-]{0,11}[%》]?)(?!ꔷ\\w{1,9}[ꔷ·]|\\.\\.)[ꔷ\\.](?<![ꔷ·]\\w{1,9}ꔷ)(?=$|[“”‘’＂（）【】《》]|\\w?(?<=[ꔷ\\.你我他她它您妳咱人的请怎这最很再有就是与而虽但即既啊嗯呢呵哦噢喔了]{2}))|(?<=\\d)：(?=\\d{1,2}\\D)|[:;,](?![:;,]|(?<=[:;,]{2})|(?<=\\d:)\\d|(?<=\\d,)\\d{3}\\D)(?=\\h?[“]?\\w{0,9}?[\\u4e00-\\u9fcc]|(?<=[\\u4e00-\\u9fcc]\\w{0,9}?\\W))|(?<![\\\\/<>=][^\\n\\\\/<>=]{0,9})\"(?!\"|[^\\n\\\\/<>=]{0,9}[\\\\/<>=])(?=(?<=[\\u4e00-\\u9fcc]\\w{0,3}\\W{1,6})|\\W{0,6}\\w{0,3}[\\u4e00-\\u9fcc])|(?<=\\w[\\u4e00-\\u9fcc，])—(?=[\\u4e00-\\u9fcc，])|(?<=‘\\w{1,7})[，'](?=(?<=')|[，。；！？—…\\-])|(?<=[：:]\\n?)[”’＂](?=\\S)|(?<=”[\\w，、。]{0,19}\\n)[”]|(?<=[\\n”])[”](?=[\\w，、。！？]{1,19}”)|[“](?=(?<=[\\n\\w，、]“\\w{1,6}[%]?“)[：；\\w，、]|(?<=[\\w。！？—…～~]“)$|\\n?“|[\\w，]{1,19}[，：:]\\n?“|\\w+[说道][。]\\n)|^!+|^\\?+|(?:!+(?=!)|!|\\?+(?=\\?)|\\?)(?=(?<=[\\u4e00-\\u9fcc]\\S{1,9})|\\S{0,9}[\\u4e00-\\u9fcc])|[＊\\*]+(?=[＊\\*]{3})|＊|\\*|(?<=[\\u4e00-\\u9fcc]□?)□|(?<=[\\u4e00-\\u9fcc]×{0,2})×",
    "replacement": "@js:R=result;\nR==\"\"?\"：\":\nR==\"·\"?\"ꔷ\":\nR==\"．\"?\"。\":\nR==\".\"?\"。\":\nR==\"ꔷ\"?\"。\":\nR==\"：\"?\":\":\nR==\":\"?\"：\":\nR==\";\"?\"；\":\nR==\",\"?\"，\":\nR=='\"'?'＂':\nR==\"—\"?\"一\":\nR==\"，\"?\"’\":\nR==\"'\"?\"’\":\nR==\"”\"?\"“\":\nR=='＂'?\"“\":\nR==\"’\"?\"‘\":\nR==\"“\"?\"”\":\nR==\"×\"?\"ꁘ\":\nR==\"□\"?\"ꁘ\":\nR.slice(0,1)==\"*\"?\"ꁘ\":\nR.slice(0,1)==\"＊\"?\"ꁘ\":\nR.slice(0,1)==\"?\"?\"？\":\nR.slice(0,1)==\"!\"?\"！\":\nR.slice(0,3)==\"...\"?\"…\":\nR.slice(0,3)==\"···\"?\"…\":\nR",
    "scopeContent": true,
    "scopeTitle": false,
    "timeoutMillisecond": 3000
  },
  {
    "group": "格式",
    "id": 4,
    "isEnabled": true,
    "isRegex": true,
    "name": "#04 星号修复#JS",
    "order": 4,
    "pattern": "(?i)[\\u4e00-\\u9fcc]{0,4}((?<![\\dꁘ]\\h?|ꁘ\\S)ꁘ{1,3}(?!\\h?[\\dꁘ]|\\Sꁘ)(?=(?<=[\\u4e00-\\u9fcc]ꁘ{1,3})|[\\u4e00-\\u9fcc])|(?<![A-Z\\d\"][\\h\\-\\.~]{0,3})(?:b[iī]|(?:b[oó]){1,2}|ch[eé]ng\\h?r[eé]n|c[aà]o|ch[aāáà]o?|chu[aá]ng|ch[uū]n|(?:d[aàoò]ng){1,2}|di[aǎ]o|d[uú]|gu[iī]|j[iī][uǔ]?|j[iī]ng|ji[aā][on]|[l1][oò]?[uūù]|(?:l[uǔ][oǒ]){1,2}|(?:n[aǎeè]i){1,2}|n[oò]ng|nv|pi[aá]o|q[ií]ng|(?:r[iì]){1,2}|r[uǔ]|r[oò]u|s[aā]o|(?:s[eèiī]){1,2}|sh[eèē]n?|t[iǐ]|t[iǐ]ng|t[oó]u|(?<!he\\W{0,3})t[uú][niǐ]|x[iì][oō]?ng|xu[eé]|y[aáiīíì]ng?|y[eèuù]|zh[eè]ng(?:f[uǔ])?|(?<=大)6(?![%倍岁])|(?<=[吸贩缉])D|D(?=[瘾品贩枭])|[FHMRZ](?=国)|H(?=[文书片版色])|(?<=[你他])M(?=的)|R(?=(?<=狗R)的|本[\\W国的之人]|了狗)|(?<=[我卧强装傻牛])X(?![光博幻战射基病档计型\\-]|先生|女士)|(?<=[装傻牛怂懵撕阴])(?:AC|B|13)|(?<=[有点儿])(?:AC|B)(?=数)|(?<=[瞎再别直停])BB|B(?=格)|J[BC]|(?<=[大小的])JJ|J(?=方)|LSP|MB(?![大])|M[DM]|MBD|MDZZ|MLGBD?|MMP|NB|NM[BD]|PLMM|QJ|RMB|RNM|SB|(?<=[你我都是谁真神别又太瞎这就还去])TM|TMD|T?NND|[VW]X|\\BXP(?![值操系])|XZ|YD|ZF)(?![\\h\\-\\.~]{0,3}[A-Z\\d\"])(?=(?<=[\\u4e00-\\u9fcc][\\w\\h]{1,15})|[，、。：；！？—…~]{0,6}\\n?[\\u4e00-\\u9fcc]))[\\u4e00-\\u9fcc]{0,4}|fꁘꁘk|(?<=狗)曰(?=的)|孛力|[衣衤]卜(?!算)|扌喿|口丩|口申|口今(?![天日后])|衤果|石更\\b|女眉\\b|谷欠(?=\\b|[望念])|弓虽(?!然|[\\w，]{1,9}但)|女干(?=\\b|(?<=[无大]\\w\\w)[不大]|(?<=[内汉]\\w\\w)[^部脆]|后杀|巨滑|[邪佞臣雄夫商贼细计诈杀案情罪犯人])",
    "replacement": "@js:R=result;\nfunction M(x) {return R.search(x)==-1?false:true};\nfunction N(x,y) {return R.replace(y?y:z,x)};\n//🎈替换ꁘꁘ\nif ( M(\"ꁘ\") ) {\n\tz=/ꁘ+/;\n\tM(/[你我谁真神这]ꁘꁘꁘ[谁这敢晦是知就]/)?N(\"他妈的\"):\n\tM(/ꁘꁘꁘ/)?R:\n\tM(/(?:十[之有]|一九)ꁘꁘ|ꁘꁘ(?:不离十|十[年岁]|岁[的大])/)?N(\"八九\"):\n\tM(/ꁘꁘ崽子/)?N(\"小逼\"):\n\tM(/勃ꁘꁘ来/)?N(\"勃起\"):\n\tM(/[四秦山]ꁘꁘ[遍通及]/)?N(\"川普\"):\n\tM(/ꁘꁘ(?:裸|[着的]\\w{0,2}[身躯胴])|[全浑半上下]身ꁘꁘ/)?N(\"赤裸\"):\n\tM(/(?:[驱天种][鬼魔]|吸星|[化传][功送]|击地|[解附炼][魂体]|索尼)ꁘꁘ|ꁘꁘ[官院师]|[强壮盛两三四五六七八九十百具]ꁘꁘ[力诀器术印则会杖门]/)?N(\"大法\"):\n\tM(/突ꁘꁘ况/)?N(\"发情\"):\n\tM(/[心秘道功阵办无说设]ꁘꁘ[转回流番]/)?N(\"法轮\"):\n\tM(/忍者神ꁘꁘ|乌ꁘꁘ[上部顶]/)?N(\"龟头\"):\n\tM(/([帝王公党敌盟中华俄美英法德韩倭米他我本]|共和|联合|灯塔)ꁘꁘ[队阵旗舰方官人务]/)?N(\"国军\"):\n\tM(/名ꁘꁘ[天水秋风]/)?N(\"叫春\"):\n\tM(/[出入门窗道路洞梯铁村站亲]ꁘꁘ(?:[给出手战火锋易钱通警罚换谈流代替心朋往配]|\\w{0,2}[费款单])/)?N(\"口交\"):\n\tM(/ꁘꁘ(?:精神|日记|同志)|[学活]ꁘꁘ/)?N(\"雷锋\"):\n\tM(/[透泄]ꁘꁘ[儿内消]/)?N(\"漏点\"):\n\tM(/ꁘꁘ\\w{0,2}(?:一[丝副抹]|马脚|嘴脸|破绽|笑容)/)?N(\"露出\"):\n\tM(/[全半赤]ꁘꁘ[人性郎子尸]/)?N(\"裸女\"):\n\tM(/德国ꁘꁘ|ꁘꁘ(?:德国|\\w?集中营)/)?N(\"纳粹\"):\n\tM(/他ꁘꁘ[的滴个]/)?N(\"奶奶\"):\n\tM(/[朝向队园场室域]\\w{1,2}ꁘꁘ[来去击杀中]/)?N(\"内射\"):\n\tM(/[此仙妖魔]ꁘꁘ[险谋沉魂]/)?N(\"女阴\"):\n\tM(/生[孩儿]子没ꁘꁘ/)?N(\"屁眼\"):\n\tM(/ꁘꁘ(?:关系|凡胎|交易|上的)/)?N(\"肉体\"):\n\tM(/[末刑判]ꁘꁘ近/)?N(\"日逼\"):\n\tM(/你个[大臭]?ꁘꁘ/)?N(\"傻逼\"):\n\tM(/[发点齐速注]ꁘꁘ[准度确通神]/)?N(\"射精\"):\n\tM(/(?:[神魔妖禽宠]|[将跟把与和]\\w{1,3})ꁘꁘ[给出手战火锋易钱通警罚换谈流替心朋往配缠]/)?N(\"兽交\"):\n\tM(/[你我谁真神这]ꁘꁘ的/)?N(\"他妈\"):\n\tM(/[具大总本]ꁘꁘ[置于]/)?N(\"体位\"):\n\tM(/东躲ꁘꁘ/)?N(\"西藏\"):\n\tM(/(?:[巢墓洞窍]|百会|神庭|膻中|气海|丹田|天[突柱]|涌泉|[风曲]池|灵台|[周通]天)ꁘ{2,3}/)?N(\"穴内\"):\n\tM(/[太玄]ꁘꁘ[体尊韵人]/)?N(\"阴道\"):\n\tM(/奸夫ꁘꁘ|奸ꁘꁘ女/)?N(\"淫妇\"):\n\tM(/[饱暖温]思ꁘꁘ/)?N(\"淫欲\"):\n\tM(/(?:求生|纯粹|[强浓]烈|对\\w{1,2}的)的?ꁘꁘ/)?N(\"欲望\"):\n\tM(/亲ꁘꁘ[问劳]|聊以ꁘꁘ/)?N(\"自慰\"):\n\tM(/ꁘꁘ[掉扰干净爹]/i)?N(\"被干\"):\n\tM(/ꁘꁘ[烦袋雀]/i)?N(\"大麻\"):\n\tM(/ꁘꁘ[隶役]/)?N(\"性奴\"):\n\tM(/ꁘꁘ[官材械皿]/)?N(\"性器\"):\n\tM(/ꁘꁘ(?:豆|情的)/i)?N(\"做爱\"):\n\tM(/\\wꁘꁘ(?:[错手发生现]|了[一几个岔错])/)?N(\"中出\"):\n\tM(/fꁘꁘk/i)?N(\"uc\"):\n\tM(/ꁘꁘ/)?R:\n\tM(/催ꁘ[药水]/)?N(\"情\"):\n\tM(/[装傻牛撕阴]ꁘ/)?N(\"逼\"):\n\tM(/[曹我体早午]ꁘ|ꁘ[场练蛋纵控作盘]/)?N(\"操\"):\n\tM(/ꁘ丝/)?N(\"屌\"):\n\tR\n}\n//🎈替换pinyin\nelse if ( M(/[a-zA-Z6]/) ) {\n\tz=/[^\\n\\u4e00-\\u9fcc]+/;\n\tM(/ch[eé]ng\\h?r[eé]n/i)?N(\"成人\"):\n\tM(/bó|bo[发起然朗]/i)?N(\"勃\",/b[oó]/g):\n\tM(/b[oō]/i)?N(\"波\"):\n\tM(/b[iī]/i)?N(\"逼\"):\n\tM(/chu[aá]ng/i)?N(\"床\"):\n\tM(/ch[aá]o/i)?N(\"潮\"):\n\tM(/ch[aā]/i)?N(\"插\"):\n\tM(/ch[uū]n/i)?N(\"春\"):\n\tM(/c[aāà]o/i)?N(\"操\"):\n\tM(/d[aà]ng/i)?N(\"荡\",/d[aà]ng/g):\n\tM(/di[aǎ]o/i)?N(\"屌\"):\n\tM(/d[oò]ng/i)?N(\"洞\"):\n\tM(/d[uú]/i)?N(\"毒\"):\n\tM(/gu[iī]/i)?N(\"龟\"):\n\tM(/j[iī]ng/i)?N(\"精\"):\n\tM(/ji[aā]n/i)?N(\"奸\"):\n\tM(/ji[aā]o/i)?N(\"交\"):\n\tM(/j[iī][头肉排鸭蛋汤胸腿翅巴爪眼贼窝眼毛]/i)?N(\"鸡\"):\n\tM(/j[iī]/i)?N(\"激\"):\n\tM(/lu[oǒ]/i)?N(\"裸\",/lu[oǒ]/g):\n\tM(/lū|[l1]u[猫狗起串铁管得完个]/i)?N(\"撸\"):\n\tM(/6|大[l1][uù]|[l1][uù][地军]/i)?N(\"陆\"):\n\tM(/[l1][oò]?[uù]/i)?N(\"露\"):\n\tM(/n[oò]ng/i)?N(\"弄\"):\n\tM(/n[aǎ]i/i)?N(\"奶\",/n[aǎ]i/g):\n\tM(/n[eè]i/i)?N(\"内\"):\n\tM(/n[vüǚ]/i)?N(\"女\"):\n\tM(/pi[aá]o/i)?N(\"嫖\"):\n\tM(/q[ií]ng/i)?N(\"情\"):\n\tM(/r[oò]u/i)?N(\"肉\"):\n\tM(/r[uǔ]/i)?N(\"乳\"):\n\tM(/r[iì]/i)?N(\"日\"):\n\tM(/sh[eē]n/i)?N(\"身\"):\n\tM(/sh[eè]/i)?N(\"射\"):\n\tM(/s[aā]o/i)?N(\"骚\"):\n\tM(/s[eè]/i)?N(\"色\",/s[eè]/g):\n\tM(/s[iī]/i)?N(\"丝\",/s[iī]/g):\n\tM(/t[iǐ]ng/i)?N(\"挺\"):\n\tM(/t[oó]u/i)?N(\"头\"):\n\tM(/tu[iǐ]/i)?N(\"腿\"):\n\tM(/t[uú]n/i)?N(\"臀\"):\n\tM(/t[iǐ]/i)?N(\"体\"):\n\tM(/x[iī]ong/i)?N(\"胸\"):\n\tM(/x[iì]ng/i)?N(\"性\"):\n\tM(/xu[eé]/i)?N(\"穴\"):\n\tM(/y[aá]ng/i)?N(\"阳\"):\n\tM(/y[iì]ng/i)?N(\"硬\"):\n\tM(/yín|[宣意手浸能奸干]yin|yin[靡威贼窝妇娃秽液棍邪巧乐]/i)?N(\"淫\"):\n\tM(/y[iī]n/i)?N(\"阴\"):\n\tM(/y[eè]/i)?N(\"液\"):\n\tM(/y[uù]/i)?N(\"欲\"):\n\tM(/zh[eè]ngf[uǔ]/i)?N(\"政府\"):\n\tM(/zh[eè]ng/i)?N(\"政\"):\n\tM(/MDZZ/i)?N(\"妈的智障\"):\n\tM(/PLMM/i)?N(\"漂亮美眉\"):\n\tM(/LSP/i)?N(\"老色批\"):\n\tM(/MMP|MBD|NMB/i)?N(\"妈卖批\"):\n\tM(/[NT]MD|T?NND|MLGBD/i)?N(\"他妈的\"):\n\tM(/RNM/i)?N(\"日你妈\"):\n\tM(/RMB/i)?N(\"人民币\"):\n\tM(/MLGB|MB/i)?N(\"妈逼\"):\n\tM(/MD/i)?N(\"妈的\"):\n\tM(/MM/i)?N(\"美眉\"):\n\tM(/NB/i)?N(\"牛逼\"):\n\tM(/SB/i)?N(\"傻逼\"):\n\tM(/BB/i)?N(\"哔哔\"):\n\tM(/JB/i)?N(\"鸡巴\"):\n\tM(/JJ/i)?N(\"鸡鸡\"):\n\tM(/JC/i)?N(\"警察\"):\n\tM(/QJ/i)?N(\"强奸\"):\n\tM(/TM/i)?N(\"他妈\"):\n\tM(/VX|WX/i)?N(\"微信\"):\n\tM(/XZ/i)?N(\"西藏\"):\n\tM(/XP/i)?N(\"性癖\"):\n\tM(/YD/i)?N(\"淫荡\"):\n\tM(/ZF/i)?N(\"政府\"):\n\tM(/强X/i)?N(\"奸\"):\n\tM(/[我卧]X/i)?N(\"操\"):\n\tM(/AC|B|X|13/i)?N(\"逼\"):\n\tM(/[你他]M的/i)?N(\"妈\"):\n\tM(/M国/i)?N(\"美\"):\n\tM(/H国/i)?N(\"韩\"):\n\tM(/H/i)?N(\"黄\"):\n\tM(/R国/i)?N(\"日本\"):\n\tM(/曰|R/i)?N(\"日\"):\n\tM(/D/i)?N(\"毒\"):\n\tM(/J方/i)?N(\"警\"):\n\tM(/Z/i)?N(\"中\"):\n\tM(/F/i)?N(\"法\"):\n\tR\n}\n//🎈替换汉字\nelse {\n\tM(\"孛力\")?\"勃\":\n\tM(/[衤衣]卜/)?\"补\":\n\tM(\"扌喿\")?\"操\":\n\tM(\"口丩\")?\"叫\":\n\tM(\"口申\")?\"呻\":\n\tM(\"口今\")?\"吟\":\n\tM(\"弓虽\")?\"强\":\n\tM(\"女干\")?\"奸\":\n\tM(\"石更\")?\"硬\":\n\tR\n}",
    "scopeContent": true,
    "scopeTitle": false,
    "timeoutMillisecond": 3000
  },
  {
    "group": "格式",
    "id": 5,
    "isEnabled": true,
    "isRegex": true,
    "name": "#05 标点 空 ",
    "order": 5,
    "pattern": "^\\s*null\\s*$|^[，、。：；！？…~]+\\n?|(?m)<>|\\u2028|\\u2029|\\ufeff|[\\u200b-\\u200d]|[\\ufe00-\\ufe0f]|^[~_·]+|(?<=[！？])[！？]+(?=[！？])|\\b[。—…~\\-]+(?<!\\d\\-)(?=[！？])|(?<=^[“‘]|[（【])[。，、！？—…~\\u002e]+\\b|(?<=[。！？—…]”)[，、。：！？—…\\.]+|(?<=[。！？…])[~_\\?\\!]+|[~_\\?\\!]+(?=[。！？…])|(?<=[。：；！？…~]\\n?|——)(?!(?<=[：…])\\.\\.)[，、\\.]+|[，、]+\\n?(?=[，、。：；！？…~]|——)|(?<=“[^\\n：“”‘’＂\"＇']{0,36})(?:[‘’＂\"＇']|$\\s+)(?=[^\\n：“”‘’＂\"＇']{0,36}”)|\\b\\-(?=\\-\\b)|([。—…\\-~])\\1*(?=\\1\\1)|([^\\s\\w])\\2*(?=\\2{3})|(?<=([。！？—…]))$\\s+(?=\\3)|$(?=(?<=(?:[《（【]|[\\w：][“‘]|^[“‘])[\\w，、]{0,18}|\\b[说道问答忖曰]：)|(?<=[^。！？；—…][：，、])\\s+[“‘＂]|(?<=[\\u4e00-\\u9fcc])\\s+“\\w{1,7}”|\\s+[\\w，、]{0,18}[》）】]|\\s+[”’]|\\s+[\\w，、]{0,18}[。！？—…~]{0,6}[”’＂][。！？—…~]{0,6}$)\\s+|\\r(?=\\n)|^\\s+|(?<=[。：；！？—…~\\.\\-》）】])\\h+|\\h+(?=[。：；！？—…~\\n\\.\\-《（【])|\\h?[\\u2551-\\u2767〒〓&&[^╳█■□★☆◆◇◉◎●⚊⚋]]+\\h?",
    "replacement": "",
    "scopeContent": true,
    "scopeTitle": false,
    "timeoutMillisecond": 3000
  },
  {
    "group": "格式",
    "id": 6,
    "isEnabled": true,
    "isRegex": true,
    "name": "#06 标点……",
    "order": 6,
    "pattern": "[\\u2025\\u2026\\u002e\\u00b7\\u0387\\u1802\\u2022\\u2024\\u2027\\u2219\\u22c5\\u22ef\\u2810\\u2e31\\u2e33\\u30fb\\u318d\\ua78f\\uff0e\\uff65]{2,}(?!(?<=\\u002e)/)|[\\u2025\\u2026\\u22ef]+|[\\u2e30\\u3002\\uff61\\uffee]{2,}|(?<=“)[。\\.]+(?=”)|(?<=[\\n\\u4e00-\\u9fcc])[\\u002e\\u00b7~]+(?:$|(?=[\\n”’＂])|(?<=[\\u4e00-\\u9fcc][~]\\b)|[。，、！？…]+)|(?<=\\w[%》]?)[，、](?=(?<![说道]，)[”’]|[】）])|[，、；（【《]+$|(?<=(?:[“‘…]|[。！？…]\\n)[叮-嚯]{1,3})[。](?=[\\n”’])|[，、](?=[”＂\"]\\n)|(?<=：“)\\B(?=”)|(?m)^[ꁘ\\h]+$|^[。．\\u002e~·]+$|(?<=^“\\w{1,9})，(?=[“”])|(?<=(?:[，、…]|：\\n)\\w{1,15}|[\\w%》](?:[”’＂】][，、]?)?[“‘＂【]\\b[\\w，、]{1,15}\\b[%》]?[”’＂】])$|(?<=\\b[%]?)(?<![\\w%》](?:[”’＂】][，、]?)?[“‘＂][^\\n]{1,15}\\b[%》]?)(?=[”’＂]$)|(?<=[\\w，、…%》]{16}\\b[%》]?)(?=[】）]$)|(?<![“][\\w\\-]{1,19})\\b(?=[”]\\w{2,15}(?:道[：，]“|[：，]“[\\w，、]{0,19}[。！？—…]))|(?<=^[“](?:不过?|[是对行好这])|[^\\w”][“][\\w，、]{0,14}[啊嗯呢呃嗨呵嘿哼咳啦哦吧的么了]|[^\\w”][“][你我他她它您妳咱的请怎这最很再有就是与而虽但即既][\\w，、]{1,14}|[。；！？—…~][\\w，、]{1,15})\\b(?=(?<=^“\\w{1,3}|[！？]\\w{1,9})”\\b|”$|”[\\w，、]{1,19}\\b(?:[：]|[说道]。$))|(?<=[^\\s：“]{16})(?<!^\\w{16,24})\\b(?=\\n\\w{1,16}\\b(?<=[\\w\\n]{22})[，。！？…])",
    "replacement": "……",
    "scopeContent": true,
    "scopeTitle": false,
    "timeoutMillisecond": 3000
  },
  {
    "group": "格式",
    "id": 7,
    "isEnabled": true,
    "isRegex": true,
    "name": "#07 标点——",
    "order": 7,
    "pattern": "(?mi)(?<=^|\\w[^\\n\\w]{0,3})(?!(?<=\\d)--\\d|\\b——\\b)([\\u002d\\u2010-\\u2015\\u2212\\u2500\\u2501\\u268a\\u268b\\u2e3a\\u2e3b\\uff0d\\uff70\\uffda～~])(?:\\1+|[\\u2010-\\u2013]+|(?<=\\u2014|\\u2015)(?!\\d)|(?<=\\w[～~])\\B|(?<!\\u002d)[。，、]+)|^(?:[—\\–_×ꁘ]{2,}$|[^\\n\\wꁘ“”【】（）…]{4,}|[■◎](?=(?:\\[\\w{1,4}\\])?[\\w\\u00b7\\u318d]{1,18}$))|(?<=[\\u4e00-\\u9fcc])(?=([“‘])[^\\n“”‘’＂]{1,27}[。！？—…][”’](?:\\1|\\n)|[“‘][^\\n“”‘’＂]{29})",
    "replacement": "——",
    "scopeContent": true,
    "scopeTitle": false,
    "timeoutMillisecond": 3000
  },
  {
    "group": "格式",
    "id": 8,
    "isEnabled": true,
    "isRegex": true,
    "name": "#08 标点  ｰ  ",
    "order": 8,
    "pattern": "[\\u2010-\\u2013\\u2015\\u2212\\u2500\\u2501\\u268a\\u2e3a\\u2e3b\\uff0d\\uff70\\uffda⁓~〜]|(?<!\\u2014)\\u2014(?!\\u2014)|(?<=\\d[%％年级号]?)——(?=\\d{1,4}[%％年级号》】］）\\)\\n])|(?<=\\d\\d:\\d\\d)——(?=\\d\\d:\\d\\d)",
    "replacement": "-",
    "scopeContent": true,
    "scopeTitle": false,
    "timeoutMillisecond": 3000
  },
  {
    "group": "格式",
    "id": 9,
    "isEnabled": true,
    "isRegex": true,
    "name": "#09 标点＂＂",
    "order": 9,
    "pattern": "(?mi)((?<=^|[：；，、])[“＂‘＇]|(?<=\\B[”＂]\\n)^(?=[\\w，。！？]{0,30}[。！？…][”＂]$)|(?<=^|——)[‘](?=[^\\n“”‘’＂＇]{1,15}[”’]$|[\\w，、]{1,15}\\b[＂＇])|[“＂](?![“”＂])(?=(?<=[“＂]“|[”＂]＂)|[^\\n：“”＂]{1,30}[”＂]))(?<!“[^\\n“”＂]{1,40}[”‘]|’[\\w，、]{0,15}‘)(?![，、：；。！？]|(?<=“)[^\\n“”＂]{1,40}[”]|(?<=‘)[^\\n“”‘’＂＇]{1,30}\\b[%]?[’])((?:[\\w，、。；！？—…]|\\b[%×\\.\\+\\-\\/]|\\b:\\w|‘\\w+’|《\\w+》|（\\w+）|【\\w+】|＂\\w+＂|＇\\w+＇)+(?:\\n\\b[\\w，、。！？—…]+[。！？—…]){0,2})(?<![：；，、])($(?=\\n(?:\\b[\\w，、]{1,20}\\b：)?(?:“|\\1))|(?=\\1)[＂＇]|\\1$|[’＂](?=[，、](?=\\1)[“‘＂])|[“＂](?=[“])|(?<=‘\\w{1,9})[＂＇]|[“”‘’＂＇](?=$|[\\w，、。；！？—…]{0,50}(?:[\\n：]\\1|(?=\\1)[“＂]|：[“＂]|\\n[“\\w])))",
    "replacement": "“$2”",
    "scopeContent": true,
    "scopeTitle": false,
    "timeoutMillisecond": 3000
  },
  {
    "group": "格式",
    "id": 10,
    "isEnabled": true,
    "isRegex": true,
    "name": "#10 标点「」",
    "order": 10,
    "pattern": "[“”‘’＂＇〈【](?![，、：；])((?<=‘)[^\\n“”‘’＂]*(?=’)|(?<=‘)[^\\n“”‘’＂]+(?=‘)(?!‘[^\\n“”‘’＂]{0,55}’)|(?<=’)(?<!‘[^\\n“”‘’＂]{0,55}’)[^\\n“”‘’＂]+(?=’)|(?<=“[^\\n“”‘’＂]{0,55}[“‘])[^\\n“”‘’＂]*(?=[”’][^\\n“”‘’＂]{0,55}”)|(?<=[\\n\\u4e00-\\u9fcc，、：；]([“”‘’＂＇]){1,2})\\w+(?![“][^\\n“”＂＇]{0,19}[”])(?=\\2)|(?<=〈)[^\\n〈〉]*(?=〉)|(?<=[^：]【)(?:[\\+\\-]?\\b[\\w，：]{1,15}\\b[\\+\\-%]?|[\\+\\-])(?=】[^\\n\\uff08：])|(?<=“)[\\w，、。]+\\b(?=”[，、。！？—…])|(?<=“)[^\\n“”‘’＂＇]{1,25}(?=”)(?=(?<=(?<!：\\n?)“[^\\n“”]{1,25}\\b[%\\+\\-]?)”\\S|(?:”[和或与及，、]?“|[^\\n“”‘’＂]){0,50}”[，、。；！？—…]|(?<=\\b“(?:”[和或与及，、]?“|[^\\n“”‘’＂]){2,50})|(?<=(?:[的着是把到出了]|[这那一][种句])“[^\\n“”]{1,25})|”\\b(?:的[^的确]|为[借藉]口|为由|[时式][的地]|之[类流内外上中下]|了[一两三几]|(?:地\\w{2})?[一两三]声\\b|(?<=\\b”)\\w{1,2}[个句首][字诗词话]|[上中下内外里后时了声值][。，：！？]|[。！？—…]{1,3}\\n)))(?<![，、：])[“”‘’＂＇〉】]",
    "replacement": "「$1」",
    "scopeContent": true,
    "scopeTitle": false,
    "timeoutMillisecond": 3000
  },
  {
    "group": "格式",
    "id": 11,
    "isEnabled": true,
    "isRegex": true,
    "name": "#11 标点【】",
    "order": 11,
    "pattern": "(?m)([〔〖〘]|[\\[\\{](?!\\d{1,3}[\\]\\}])|^[“「【](?<![”」】：]\\n[“「])|(?<=[。！？]”?\\n)\\b(?=[\\u4e00-\\u9fcc]{1,7}\\n\\w{1,7}：[\\w【]))((?<![\\n“「])(?:[^\\n\\{\\}\\[\\]\\u3010-\\u3019]+|[^\\{\\}\\[\\]\\u3010-\\u3019]{0,99}?)(?![”」])|^\\w{1,7}$|(?<=「)[^\\n「」【】]+(?=」$|」：)|(?<=“)[^\\n“”【】]+(?=”：))([\\}\\]〕〗〙]|[”」](?=$|：)(?!\\n[“「【])|(?<=\\n\\[\\w{1,3}……)$|$(?=\\n\\B\\1))",
    "replacement": "【$2】",
    "scopeContent": true,
    "scopeTitle": false,
    "timeoutMillisecond": 3000
  },
  {
    "group": "格式",
    "id": 12,
    "isEnabled": true,
    "isRegex": true,
    "name": "#12 标点（）",
    "order": 12,
    "pattern": "(?mi)(?:[（](?![^\\n（）]{0,24}[）])|(?<=\\S)[【])((?<=（)[^\\n（）]+(?:\\n[^\\n（）]+)?(?=\\n（)|(?<=\\w%?【)[^\\n【】（）]{1,18}(?=】$)|(?<=【)[^\\n【】（）]{1,18}(?=】[\\w，！？]{0,18}》|】(?:[^\\n【】（）]|【[^\\n【】（）]{1,18}】){0,64}】))(?:[】]|$(?=\\n（))",
    "replacement": "（$1）",
    "scopeContent": true,
    "scopeTitle": false,
    "timeoutMillisecond": 3000
  },
  {
    "group": "净化",
    "id": 13,
    "isEnabled": true,
    "isRegex": true,
    "name": "#13 净化网址",
    "order": 13,
    "pattern": "(?i)<(center|font)(?:\\h(?!src\\b)|\\S)+?</\\1>|(?:[\\n<_]|[A-Z]+\\.)br/?>|(?<=[\\u4e00-\\u9fcc])/>|&\\b[A-Z;]+\\b;|(?<![A-Z])&?(nbsp|quot|amp|lt|gt);|#[A-Z][0-9A-Z]{4};|\\\\r\\\\n|\\b[记首本一]\\W?[住发书秒]\\W?[域网记]\\W?[名址站住][^\\n\\u4e00-\\u9fcc，、。；！？—…（）“”【】]+|(?<![:=]\\h?[\"'])https?:/[/_A-Z\\d\\.\\-]+\\.(?:com|net|org|edu|x?html?|php|aspx??|txt|json|zip|cn|cc|tw|hk|us|in|info|pro|xyz|club|work|space)\\b(?:/[/_A-Z\\d\\-]*)?(?![/_A-Z\\d\\-\\.\\?])|(?m)^\\b[a-z0-9\\.]{3,21}\\b\\.[a-z]{2,4}/?(?:\\n|$)|w(?:\\\\?_/[a-z\\d\\.]){6,18}(?<=m)",
    "replacement": "",
    "scopeContent": true,
    "scopeTitle": false,
    "timeoutMillisecond": 3000
  },
  {
    "group": "净化",
    "id": 14,
    "isEnabled": true,
    "isRegex": true,
    "name": "#14 净化标点",
    "order": 14,
    "pattern": "(?<=[（【，、：]|[。；！？—…][”」]?)(?![！？—…](?<=[：][！？…]|[！？]{2}|——|……))[，、。：；！？—…]+|(?<=\\B\\n|“)[，、。！？…]+(?=[\\w“「（【《])|(?<=…)\\n…+|\\b[，、。：；]+(?=[）】][，、。：；！？…])|(?<=^|\\n)[？]+(?=[“「《\\w])|(?<=\\b「[^\\n「」]{1,16})[！—…]+\\B(?=」\\b)|(?<=”\\n?)[“”＂‘’]+(?=\\n?“)|(?<=”)[\"＂](?=\\n|$)|\\b[：](?=「\\b[\\w，！…]{1,9}」(?:后\\b|的声))|(?<=\\n)[^\\w「」…●]+$",
    "replacement": "",
    "scopeContent": true,
    "scopeTitle": false,
    "timeoutMillisecond": 3000
  },
  {
    "group": "净化",
    "id": 15,
    "isEnabled": true,
    "isRegex": true,
    "name": "#15 净化词语",
    "order": 15,
    "pattern": "<![^\\n<>]{1,20}>|(?<=\\n)[（【]\\S{1,49}[）】]$|(?<=\\n)\\W+$|\\n?（本章完）[\\s\\S]{0,150}$|\\b检测到你的最新阅读[\\s\\S]{20,50}$|^[\\w：《》]{0,20}正文卷[^\\n]+\\n|^[\\u4e00-\\u9fcc]{0,15}?第\\w{1,7}[章卷](?:[^\\n\\w]\\w+){0,2}\\n|(?<=\\n)[\\u4e00-\\u9fcc]{0,15}?第\\w{1,7}[章卷](?:[^\\n\\w]\\w+){0,2}$|(?mi)^([^\\n\\w]{2,3})\\n+(?:更多精校|本书由)[^\\n]+(?:\\n\\1)?|^(?:([^\\s\\w]{1,2}|ꁘ{1,2})(?!\\2)\\S){4,20}(?:\\2|\\S)?$\\n?|(?:\\b\\n)?[（\\(]本章未完(?:[^\\n\\)）]+[\\)）]|[^\\n\\w]+$)(?:\\n[^\\s\\w]$|\\n(?:\\d+[\\.\\h](?!\\d)|第\\w{1,7}章)[^\\n]{0,24}$)?\\n?|(?:[（]下一页更精彩！[）]|(?:看|为您提供\\w+的)《\\b[\\w，：]{1,20}\\b》最快更新[^\\n]+)$(?:\\n[^\\n]+$){1,6}(?<=\\n(?:[『“]章节有误|域名更换|「」)[^\\n]{0,25}$)|^\\w+?正文卷|^\\w{0,7}(?:文[库网網]|[燃然雅]文[网網吧]?|(?:文学|小说|[阅悦快]读|[读看追探]书)[网網]?|书[库亭阁屋坊盟吧]|加入书签|免费读)(?:App)?(?:\\n|$)|(?<=^|[“]|[。！？—…][”）】]?)(?:请百度搜索|百度搜索(?:\\w+…{0,2}(?=”)|\\S{0,11}@)|请大家搜索[（]|顶点X|顶点小说|思路客|笔趣阁|小说网|@无限好文|@(?:[^\\n\\w]|ꁘ){0,6}$|@[^\\n\\w]?\\w{2,4}首发|(?:记住|最新)网址|首发更新|最快更新[无热]|更新最快|有梯子的书友加电报|网站即将关闭\\W下载爱阅|温馨提示\\W(?:浏\\W?览\\W?器|为防止内容获取不全)|浏[\\Wꁘꔷ]览[\\Wꁘꔷ]器[\\Wꁘꔷ]搜|无[\\Wꁘꔷ]{0,3}错[\\Wꁘꔷ]{0,3}更[\\Wꁘꔷ]{0,3}新|\\d*@?精[\\Wꁘꔷ]{0,3}华[\\Wꁘꔷ]{0,4}书[\\Wꁘꔷ]{0,3}阁|@\\w+c[ꁘꔷ]o[ꁘꔷ]m|(?:\\b\\w{1,9}[網网])?[wωщш]{3})[^\\n“”]{0,25}[^\\n“”]{0,15}?(?=$|[“”]|(?<=……|[。！）]|c[ꁘꔷ]o[ꁘꔷ]m))|(?<=[。！？”（）【】])\\bPS\\d?[：:\\.][^\\n“”（）【】]+(?=[”）】]|$)|^(?:目\\h?录|返回[主总]?目录|[上下前后首末翻]一?[页章]|(?:\\w{1,3}版(?=\\h转自|\\h百度贴吧)|轻之国度|图源|录入|校对|二校|翻译|译者|插画|插图P\\d+|[插修扫]图|设计|润色|制作|出版社?|开本|印数|丛书|版次|ISBN|发布于)[\\h：][^\\n]{1,49})(?:\\n|$)|\\h?[【\\(（](?:未完待续|见本章说|本章\\w{1,3}[！]?|[全本第]\\w{1,4}完|\\w{0,3}下一页|(?:[地插]图|图片)P?\\d+|注释?\\d{0,3}|注：[^\\n\\(\\)（）【】]{1,18})[。…]{0,2}[】\\)）]|请记住本书首发[^\\n“”]+|Try【\\S{22}【】|看《\\b[\\w，：]{1,19}\\b》$|\\b(?:UU看书|狂沙网|哔嘀阁|筆蒾樓|qδ\\.)(?:\\B[a-z\\.]+)?|\\b\\w+秒记住：$",
    "replacement": "",
    "scopeContent": true,
    "scopeTitle": false,
    "timeoutMillisecond": 3000
  },
  {
    "group": "净化",
    "id": 16,
    "isEnabled": true,
    "isRegex": true,
    "name": "#16 净化段落",
    "order": 16,
    "pattern": "(?i)(?<=\\n)(?:[（【]?PS\\d?\\b|作者有话要?说|作者的话[：\\n]|——(?:题外|作者的)话——\\n)[^\\n]*(?:\\n[^\\n]+){0,15}$|(?<=\\n)(?:——\\n|……\\n|[（【](?=[^\\n]+$))(?=[\\s\\S]{0,49}?(?:码字|存稿|[本新]书|书[友评]|[首追]订|订阅|打赏|月票|公众号|求收藏|推荐票|支持正版|[新补有更][一二三四五两]章|[右点午晚天时章]更新|推荐\\w{0,9}\\u300A|[第天晚有的这就旧再][\\d一二三四五两加爆]更|更新\\d{0,4}字))[^\\n]*(?:\\n(?![—…]{2}\\n)[^\\n]+){0,5}$|(?m)^(?:HTTPS?:|[（【]?PS\\d?[：:]|\\-WAP\\b|您可以在百度里|百度搜索|按键返回|版权所有|本作品来自|本站访问地址|本书仅供个人|本书版权归|本章尚未结束|本章未完[^\\n]+(?:\\n【[^\\n]+】$)?|【[\\w，！]{0,19}(?:\\b[上下]一章|野果阅读|[追听]书|[读书]APP|阅读尽在)|【[^\\n]+】【】|纯文字在线|测试章节！|\\W{0,3}到进行查看|当前网址|顶点手机|飞速中文|\\W?点此\\w{0,2}报错|\\W?更新预告\\b|广个告|交流好书|看书福利|看无广告|看[\\w\\\\]+\\\\就\\\\|更多好书|欢迎广大书友|\\W?加入书签|精校小说|每天更新时间|期待精彩继续|亲\\W(?:本站|点击)|求推荐|请退出转码|请记住本书|请牢记本站|全文字无广告|全文字小说|如果觉得此文|搜索关注|手机(?:访问|站全新|版?阅读)|书籍全\\W更新快|书客居阅读|天才[一壹]秒|天才本站|推本书\\b|网站即将关闭|网站最新地址|网页版章节|网为你提供|为您提供大神|微信关注|温馨提示\\W为防止(?:最新章|内容获取)|无弹窗免费|下载后请在24小时|下载\\w{1,4}\\B[^A-Z]APP|[想要]{0,2}看最新章节|新书期间|新书上传|新?笔趣阁|(?:你是天才\\W)?[一三1]秒钟?记住|以下是：为你提供|永久地址|域名更换为|阅读网址|\\W{0,4}看?最快[最更]新|\\W{0,3}章节[有错]误|支持\\w+阅读|中文域名|转载请保留|注册本站|TXT下载|\\d+(?:TXT|SHU)|\\W?送\\d+现金红包|\\w+(?:手机版：\\b[A-Z\\.]{2}|提醒您：看完记得收藏)|本书由\\S{1,19}?收集|[（【]推荐\\w+的《|看?《\\S{1,19}?\\b》最[快新]|为[你您]提供\\S{1,19}?更新|喜欢\\S{1,19}?请大家收藏|阅读\\S{1,19}?最新章节请)[^\\n]*$(?:\\n[^\\n]+$(?!\\n)|\\n[^\\n\\w“”—…※]{0,9}$|\\n第\\w{1,7}章[^\\n]{0,19}$|\\n\\d+[\\.\\h][^\\n\\d][^\\n]{0,19}$)?\\n?|^[^\\n]{0,49}?(?:页继续阅读|[退支][出持]阅读模式|模式阅读|免费阅读|最新章节|畅阅无阻|[求月的]月票|书[币友]的?[打万]赏)[^\\n\\w]{0,9}$\\n?",
    "replacement": "",
    "scopeContent": true,
    "scopeTitle": false,
    "timeoutMillisecond": 3000
  },
  {
    "group": "净化",
    "id": 17,
    "isEnabled": true,
    "isRegex": true,
    "name": "#17 净化杂项",
    "order": 17,
    "pattern": "(?mi)(?:“”|‘’|「」|【】|（）|\\(\\)|<>)[，]?|(?<=^\\b[\\w、。！？—…]{0,4}(\\w[。！？—…]{1,4}))\\n\\b(?=[\\w、。！？—…]{0,4}\\1$)|(?<=^\\w[^\\n\\w]{1,4})\\n\\b(?=\\w[^\\n\\w]{1,4}$)|(?<=[，、]|[^：]“[！？…]{1,9}”|[（【][^\\n：（）【】]{0,36})\\n\\b|\\n\\b(?=[^\\n：（）【】]{0,36}[）】])|\\b\\n(?=(?<![：][\\+\\-]?\\b[\\w\\+\\-，、%]{1,15}\\b\\n)[！？…])|\\n\\B(?=[，、：；]|(?<=\\b：\\n)“)|(?<=\\d%?[→])\\n(?=\\d)|(?:\\b[。！？—…]+\\B|\\n\\b)(?=[”’」]?(?:[时式][的地]|的[^的确]|为由|之[声类流]|一声|[着后]\\b|地\\w着\\b))|[。]?@ꁘ——",
    "replacement": "",
    "scopeContent": true,
    "scopeTitle": false,
    "timeoutMillisecond": 3000
  },
  {
    "group": "可选",
    "id": 18,
    "isEnabled": true,
    "isRegex": true,
    "name": "#18 叠音词组",
    "order": 18,
    "pattern": "(?mi)(“[^\\n“”]{9,19}”|^[^\\n]{1,19}\\n|\\b[\\u4e00-\\u9fcc][^\\n“”]{9,19}?[。！？—…]\\b|^“)(?=\\1)|\\b([\\u4e00-\\u9fcc][^\\n“”]{1,8}?)([。，、！？—…])\\b(?=\\2\\3\\2)|([—…]|[“「（【][^\\n]{3,9}?)(?=\\4{2})|(“\\S”|「\\S」|（\\S）|【\\S】|\\b[\\u4e00-\\u9fcc][^\\n“”]{0,8}?)\\5*(?=\\5{3})|(\\B[\\u4e00-\\u9fcc]{1,2})\\6*(?=\\6{3}(?:\\b|\\6))",
    "replacement": "",
    "scopeContent": true,
    "scopeTitle": false,
    "timeoutMillisecond": 3000
  },
  {
    "group": "可选",
    "id": 19,
    "isEnabled": true,
    "isRegex": true,
    "name": "#19 拆分🔺长句",
    "order": 19,
    "pattern": "([^\\n“”＂。：；！？—…]{15})，\\b(?!(?<=，\\w{1,3}，)|(?<=，\\w{4}，)\\w{4}，|(?<=，\\w{4,5}，)\\w{5}，|(?<=，\\w{4,6}，)\\w{6}，)(?![^\\n]{1,9}[：])(?=(?:\\b：“|[^\\n“”＂。：；！？—…]){15})(?!(?<=虽[\\w，、]{1,17})[虽但])(\\b|可是?|而且?)(?=\\b[，]|\\B[\\w、]{19}|\\b[\\u4e00-\\u9fcc][，]\\b|\\b(?:\\w[们某等辈主君王侯男女兄弟姐妹娘子儿]?)?虽|\\b非?但[^仍却]|\\b况且|\\b然[而则]|\\b所以|\\b不[仅但料论然]|不多时|\\b难不成|\\b且不?说|殊不知|只不过|\\b要不[然是]|\\b要是|果不其然|不得不说|不[消出]片刻|不知不觉间|\\b[诶欸哦噢喔]|毕竟|常言|除[非却了]|\\b到时候|\\b单[就凭单]|\\b[当随旋]即|对于|\\b顿时|俄顷|反[倒而正之]|仿[佛若]\\w{12}|否则|甫一|\\b故[此而]|\\b果然|更?何况|遑论|[既即][然没有不是无非]|即[\\W便使]|假[如若]|[鉴基]于|较之|届时|尽管|仅仅|经此|据说|看[这那]?样子|可谓是|老实说|没曾想|莫说是|哪怕|\\b那么[你我他她此这个]|[那这]般|难[怪道]|饶是|现?如[果今若非]|若[是非不能]|俗话说|\\b所谓|实际上(?![的却仍也])|孰料|说话间|倘若|特别是|万万没|万一|唯[有独]|无论|相比|\\b幸[亏好而]|言罢|\\b一旦|因[为此而]|有道是|尤其是|与其说|\\b于是|乍一看|再就是|再然后|再比如|\\b再者|自[从打]|纵[然使是观有]|\\b总之|[作身]为|正所谓|至于|直到|之所以|(?:换|\\b\\w\\w)言之|[按照][常道]?理来?说|曾几何时|除此\\w外|古往今来|归根结底|毫无疑问|换句话说|既[是便]?如此|假以时日|久而久之|可想而知|来日方长|迄今为止|若干年[前后]|事到如今|时至今日|以此类推|一直以来|一来二[去回]|一[来则][\\w、]+，二[来则]|(?:一般|简单|通常|严格|准确|具体|总[体的]|如此|现在)(?:[说看]来|[来而地][说讲言])|由此可\\w|与此同时|众所周知|[至自从]始[至自]终|(?:[再又就好]?比如|不[过管]|可是|若|就[好]?[连算像]|哪怕[只仅]?|然后?|甚至于?|尤其)(?:，|[把比跟和将令让是非像以与在]|\\w?[您你我他她它伱妳莪祂俺汝朕卿某谁这那此某诸其众整各自别人鬼者客员家氏士师叔伯侯父母兄弟姐妹姝妪奴最更很怎却])|([不对好呃哈呵嘿嗯啧])\\3{0,2}[，]|([\\u4e00-\\u9fcc]{2})([\\u4e00-\\u9fcc])[\\w、]{1,16}\\b[，](?=\\4[就是被则]|[更另也还再]\\4|\\4\\w?\\5)|(?:\\b\\w{2}(?:年间|[元初末]年|的是|之[中威势])|\\b\\w(?:[夜色光][中里]|[时此这兄了啊哟嘞呢])|\\b[你我他她](?:觉得|知道|发现|的\\w[中里])|\\b[第其][一二三四五]|\\b[一二三四][来则]|\\b[第这那某有前后上下同近于]?[一二三四五六七八九十百千万两半几数]{1,3}(?:[秒分刻点]钟?|[个多]{0,2}(?:世纪|小时|时辰|月份?)|炷香|盏茶|[天日晚周年岁名次])(?:\\b|[之以过]?[前后内里中间际来去初末]|[当昨今明][天日晚]|[上中下]午|[早晚]上|的?时[间刻])|(?:[霎瞬]时|[忽蓦突倏豁恍]然|(?:刹那|顷刻|[转眨][眼瞬]|弹指|须臾|仓促|恍惚|隐约|彼此)\\B)(?:之?间)?|\\b比如说?|\\b不错|不(?:曾想|远处|久之?[前后])|[不没只才]一会儿?|此\\w此\\w|大不了|当[时初下然]了?|到时候?|的确|短时间内|多年[之以][前后来]|而[后你我他她]|刚才|好半天|\\b还[有好]|\\b还是说|\\b很快|\\b后来|或[者许]说?|继而|接下来|紧?接着|\\b结果|见状|\\b今[天日后]|\\b就(?:\\w\\b|这样)|[就恰]?在[此这那]时|\\b也?就是说|据(?:说|[我他她]\\w\\w)|\\b看(?:起?来|上去|得出)|\\b可(?:[恶惜]|以说|\\w\\w是)|例如|\\b另外|\\b论\\w\\w|\\b没(?:错|办法|想到|过?多久)|目前|\\b平日里?|起初|最?起码|其[次实中]|其\\w{1,2}之[中内威势]|\\b恰好|前不久|\\b确实|所幸|随后|事实上|试[问想]|\\b是[夜的以故毕]|首先|说(?:到底|不定|起来|白了|真的|实话)|实?话说|\\b顺便一提|\\b同(?:[时样]的?|一[个件时]\\w)|很?显然|现在|现?如今|想来|[正恰]?相反|\\b心念\\w[转动]|眼下|\\b要不|\\b要知道|\\b也[许罢行]|翌日|依\\w看来?|[一半](?:路上|时间|[眨晃]眼)|[有某]\\w?时候|原来|再[次有者说则]了?|\\b在[你我他她妳]的\\w{2}|怎么样?|(?:[至在]|[直等待]?[到]了?)[这那]?\\w[时刻天]|最[终后]|[这那此](?:\\w|\\w\\w[友兄弟姐妹侠辈法诀谱]|[种个件时期]\\w{1,2})|[这那此现如]\\w(?:的话|[看想说一]来|情[况形]下)|真是的|\\b正[好巧]|\\b只?(?:不过|可惜|\\B是)|至少|终于)[，]|(?:[和与]\\w{2,6}[同样似仿比较]|[就正]?[自从如]\\w{1,6}[起始想虑]|[这就]?[当对于自从等待依据趁以在][\\w、「」]{1,9}(?:而言|[看想]来|来[看想讲说]|方面|为例|所知|身[份上]|[关尽]头|同时|[时年][候刻代]?|[瞬期]间|刹那间?|[这那上下的]一[刻瞬刹秒]|[之以][内外来]|之[见时际中间前后]|[现][前后]|[况助导持态]之?[下]|[中核]心|[眼感印]\\w?[里中])|[更最]\\w{1,9}的就?是)[，])",
    "replacement": "$1。$2",
    "scopeContent": true,
    "scopeTitle": false,
    "timeoutMillisecond": 3000
  },
  {
    "group": "可选",
    "id": 20,
    "isEnabled": true,
    "isRegex": true,
    "name": "#20 拆分🔻段落",
    "order": 20,
    "pattern": "(?:\\b\\w[^\\n]{1,29}?(?:(?<=如下)[：]|(?<![：；][^\\n：；]{0,9})[；](?![^\\n：；]{0,9}[：；])|(?<=[。！？—…])[”](?=(?<=(?:[：]|[说道问答忖][，])“[^\\n“”＂]{2,49}”)|“\\b[^\\n“”＂]{19}|[“]\\b(?:[\\w，、%](?!”)|[。！？—…]|”“){2,69}\\B”\\n)|[】](?=【\\w+：)|(?<=[。！？—…][”]\\b[\\w，、「」]{2,49})[。](?=[\\w“「『《])|(?<=[\\w，、「」]{9})[。！？]{1,2}(?![（【])(?=\\w+[，][“‘]|[“]?[\\w、「」]+[！？—…]|(?<=[\\w、「」]{16}[。！？]{1,2})|[“]?[\\w、「」]{16})|(?<=[\\w，、：「」]{9})[。：；！？—…]{1,2}(?=\\b[\\w，、「」]{1,49}\\b：|【\\w+】：|[第其]?[一二三四五六七八九十][来者则是]?\\b(?<=\\b\\w{2})[，]|[［（〔][一二三四五六七八九十]{1,3}[］）〕]))(?=[\\w“（【「『《][^\\n]{9})|\\b\\w[\\w，、「」《》]{29,69}[：](?=[“＂]?[^\\n：“”＂]{29})|\\b\\w[^\\n]{29,49}?[”」）】]?[。；！？—…]+[”）】]?(?=[\\w“（【「『《][^\\n]{29})(?!(?<=\\b[“][^\\n“”]{1,19}[”]|\\b[（][^\\n（）]{1,19}[）]|\\b[【][^\\n【】]{1,19}[】])\\b|(?<=[—…”])\\w{1,9}[。！？—…]|(?<=[！？])\\w{1,9}[！？]))(?<!“[^\\n”]{1,36}|‘[^\\n’]{1,36}|「[^\\n」]{1,36}|『[^\\n』]{1,36}|[（\\(][^\\n\\)）]{1,36}|【[^\\n】]{1,36}|[\\[［〔][^\\n\\]］〕]{1,36}|[\\{｛][^\\n\\}｝]{1,36}|《[^\\n》]{1,36})(?![^\\n“]{0,36}”|[^\\n‘]{0,36}’|[^\\n「]{0,36}」|[^\\n『]{0,36}』|[^\\n\\(（]{0,36}[）\\)]|[^\\n【]{0,36}】|[^\\n\\[［〔]{0,36}[\\]］〕]|[^\\n\\{｛]{0,36}[\\}｝]|[^\\n《]{0,36}》)",
    "replacement": "$0\n",
    "scopeContent": true,
    "scopeTitle": false,
    "timeoutMillisecond": 3000
  }
]