[
  {
    "lastUseTime": 1706809660888,
    "usage": 1,
    "word": "回到"
  },
  {
    "lastUseTime": 1706809683445,
    "usage": 2,
    "word": "回野人"
  },
  {
    "lastUseTime": 1706809695116,
    "usage": 1,
    "word": "回野"
  },
  {
    "lastUseTime": 1688219339198,
    "usage": 1,
    "word": "大明总宪"
  },
  {
    "lastUseTime": 1696727815821,
    "usage": 3,
    "word": "雪中悍刀行"
  },
  {
    "lastUseTime": 1651731020839,
    "usage": 2,
    "word": "孔二狗的东北往事"
  },
  {
    "lastUseTime": 1651917690589,
    "usage": 1,
    "word": "位面之狩猎万界"
  },
  {
    "lastUseTime": 1651917715709,
    "usage": 1,
    "word": "诸天之百味人生"
  },
  {
    "lastUseTime": 1651982872153,
    "usage": 1,
    "word": "山海经"
  },
  {
    "lastUseTime": 1652682489871,
    "usage": 1,
    "word": "尸生子，鬼抬棺"
  },
  {
    "lastUseTime": 1652758982615,
    "usage": 1,
    "word": "龙符"
  },
  {
    "lastUseTime": 1706466527862,
    "usage": 3,
    "word": "茅山后裔"
  },
  {
    "lastUseTime": 1652761717214,
    "usage": 1,
    "word": "人间禁忌"
  },
  {
    "lastUseTime": 1652796477040,
    "usage": 1,
    "word": "择日飞升"
  },
  {
    "lastUseTime": 1653124209954,
    "usage": 2,
    "word": "最后一个捞偏传人"
  },
  {
    "lastUseTime": 1653225569944,
    "usage": 1,
    "word": "平常人类的平凡生活"
  },
  {
    "lastUseTime": 1653225574335,
    "usage": 3,
    "word": "何处可桃"
  },
  {
    "lastUseTime": 1653225699692,
    "usage": 1,
    "word": "我的细胞监狱"
  },
  {
    "lastUseTime": 1653406725509,
    "usage": 1,
    "word": "我的右眼是神级计算机"
  },
  {
    "lastUseTime": 1653997829914,
    "usage": 1,
    "word": "二号首长"
  },
  {
    "lastUseTime": 1653997901596,
    "usage": 1,
    "word": "弄潮"
  },
  {
    "lastUseTime": 1654400777712,
    "usage": 1,
    "word": "史上第一混乱"
  },
  {
    "lastUseTime": 1654400837663,
    "usage": 1,
    "word": "被道德绑架"
  },
  {
    "lastUseTime": 1654842657943,
    "usage": 1,
    "word": "剑来"
  },
  {
    "lastUseTime": 1655515503063,
    "usage": 1,
    "word": "威震四海齐等闲"
  },
  {
    "lastUseTime": 1656247899164,
    "usage": 1,
    "word": "女主从书里跑出来了怎么办"
  },
  {
    "lastUseTime": 1656609041591,
    "usage": 3,
    "word": "开局账号被盗，反手充值一百万"
  },
  {
    "lastUseTime": 1657107341822,
    "usage": 1,
    "word": "梦入神机"
  },
  {
    "lastUseTime": 1657209221608,
    "usage": 1,
    "word": "一个精神病的自诉"
  },
  {
    "lastUseTime": 1657209253916,
    "usage": 1,
    "word": "一个精神病人的自述"
  },
  {
    "lastUseTime": 1657430479132,
    "usage": 1,
    "word": "我在末世有套房"
  },
  {
    "lastUseTime": 1657722884662,
    "usage": 1,
    "word": "cuslaa"
  },
  {
    "lastUseTime": 1658380672857,
    "usage": 1,
    "word": "万古帝婿"
  },
  {
    "lastUseTime": 1658709943303,
    "usage": 1,
    "word": "我祖父是朱元璋"
  },
  {
    "lastUseTime": 1658723808938,
    "usage": 1,
    "word": "我还没上台，经纪公司就倒闭了"
  },
  {
    "lastUseTime": 1658723834197,
    "usage": 2,
    "word": "南天有雪"
  },
  {
    "lastUseTime": 1659073178623,
    "usage": 1,
    "word": "恐怖游戏：开局给鬼治不孕不育"
  },
  {
    "lastUseTime": 1659254418508,
    "usage": 8,
    "word": "风云"
  },
  {
    "lastUseTime": 1659669537176,
    "usage": 1,
    "word": "全能宅男"
  },
  {
    "lastUseTime": 1659700830517,
    "usage": 1,
    "word": "抢真经，杀佛祖，从此灵山我做主"
  },
  {
    "lastUseTime": 1659822177446,
    "usage": 1,
    "word": "我是学生更是首富"
  },
  {
    "lastUseTime": 1659996209740,
    "usage": 1,
    "word": "非凡军旅"
  },
  {
    "lastUseTime": 1660055033855,
    "usage": 1,
    "word": "大夏黎明"
  },
  {
    "lastUseTime": 1666681982111,
    "usage": 5,
    "word": "岁月神偷"
  },
  {
    "lastUseTime": 1660277108325,
    "usage": 1,
    "word": "yijinpk"
  },
  {
    "lastUseTime": 1660656320812,
    "usage": 1,
    "word": "异兽无处不在"
  },
  {
    "lastUseTime": 1661445888595,
    "usage": 2,
    "word": "我把对面五个包围了"
  },
  {
    "lastUseTime": 1661853684829,
    "usage": 1,
    "word": "大茶碗"
  },
  {
    "lastUseTime": 1661956054025,
    "usage": 1,
    "word": "十七筝"
  },
  {
    "lastUseTime": 1662174388486,
    "usage": 1,
    "word": "奈何笑忘川"
  },
  {
    "lastUseTime": 1662446506504,
    "usage": 1,
    "word": "凿砚"
  },
  {
    "lastUseTime": 1662604018579,
    "usage": 1,
    "word": "深海余烬"
  },
  {
    "lastUseTime": 1662699222354,
    "usage": 1,
    "word": "重生野性时代"
  },
  {
    "lastUseTime": 1676515642966,
    "usage": 2,
    "word": "谁还不是个修行者了"
  },
  {
    "lastUseTime": 1662769815733,
    "usage": 1,
    "word": "彦之名"
  },
  {
    "lastUseTime": 1728131580653,
    "usage": 3,
    "word": "远瞳"
  },
  {
    "lastUseTime": 1663297067513,
    "usage": 1,
    "word": "辰一十一"
  },
  {
    "lastUseTime": 1663502329458,
    "usage": 1,
    "word": "鸿天神尊"
  },
  {
    "lastUseTime": 1663543672993,
    "usage": 1,
    "word": "四合院：截胡秦淮茹后，我躺平了"
  },
  {
    "lastUseTime": 1663783619898,
    "usage": 1,
    "word": "从姑获鸟开始"
  },
  {
    "lastUseTime": 1663816798400,
    "usage": 7,
    "word": "诡异的日记本"
  },
  {
    "lastUseTime": 1664611897902,
    "usage": 1,
    "word": "神仙把我当老祖"
  },
  {
    "lastUseTime": 1664714578268,
    "usage": 3,
    "word": "开局就是反派巅峰"
  },
  {
    "lastUseTime": 1664972651793,
    "usage": 1,
    "word": "福宝三岁半"
  },
  {
    "lastUseTime": 1665148570062,
    "usage": 1,
    "word": "开局直播地府：这直播间谁敢上啊"
  },
  {
    "lastUseTime": 1665153641225,
    "usage": 1,
    "word": "朕又不想当皇帝"
  },
  {
    "lastUseTime": 1665364818322,
    "usage": 3,
    "word": "初明仙路"
  },
  {
    "lastUseTime": 1665479866544,
    "usage": 1,
    "word": "烟火成城"
  },
  {
    "lastUseTime": 1665632880387,
    "usage": 4,
    "word": "复活泉水"
  },
  {
    "lastUseTime": 1665789178848,
    "usage": 1,
    "word": "天庭最后一个大佬"
  },
  {
    "lastUseTime": 1666194563383,
    "usage": 1,
    "word": "诸天纵横，从武林外传开始"
  },
  {
    "lastUseTime": 1666194652612,
    "usage": 1,
    "word": "电影世界穿梭门"
  },
  {
    "lastUseTime": 1666194779592,
    "usage": 1,
    "word": "全世界只有我知道轮回剧情"
  },
  {
    "lastUseTime": 1666194860820,
    "usage": 1,
    "word": "星临诸天"
  },
  {
    "lastUseTime": 1666274348754,
    "usage": 1,
    "word": "创造沙盘世界"
  },
  {
    "lastUseTime": 1666274407888,
    "usage": 1,
    "word": "人类大脑牧场"
  },
  {
    "lastUseTime": 1666420380979,
    "usage": 1,
    "word": "我为国家修文物"
  },
  {
    "lastUseTime": 1666440362253,
    "usage": 1,
    "word": "天擎"
  },
  {
    "lastUseTime": 1666573485770,
    "usage": 1,
    "word": "南江悍匪在此"
  },
  {
    "lastUseTime": 1666681986334,
    "usage": 1,
    "word": "聊斋大圣人"
  },
  {
    "lastUseTime": 1667372645717,
    "usage": 1,
    "word": "现实世界模拟器"
  },
  {
    "lastUseTime": 1680278089107,
    "usage": 3,
    "word": "影视世界旅行家"
  },
  {
    "lastUseTime": 1699889803099,
    "usage": 2,
    "word": "无限传奇之机械师"
  },
  {
    "lastUseTime": 1668006250418,
    "usage": 1,
    "word": "高考前，20年后的我发来短信"
  },
  {
    "lastUseTime": 1689345838719,
    "usage": 7,
    "word": "宇宙的边缘世界"
  },
  {
    "lastUseTime": 1668170284430,
    "usage": 1,
    "word": "梦境指南"
  },
  {
    "lastUseTime": 1668176047037,
    "usage": 1,
    "word": "我不是至高神"
  },
  {
    "lastUseTime": 1668366292067,
    "usage": 1,
    "word": "星辰变"
  },
  {
    "lastUseTime": 1697819507614,
    "usage": 2,
    "word": "孙悟空的人生模拟器"
  },
  {
    "lastUseTime": 1668519090577,
    "usage": 1,
    "word": "灵魂画手"
  },
  {
    "lastUseTime": 1668855069220,
    "usage": 1,
    "word": "超时空穿越"
  },
  {
    "lastUseTime": 1724664123090,
    "usage": 3,
    "word": "时空穿梭从梦境开始"
  },
  {
    "lastUseTime": 1708449809220,
    "usage": 3,
    "word": "位面复制大师"
  },
  {
    "lastUseTime": 1669299288252,
    "usage": 1,
    "word": "大明最后一个狠人"
  },
  {
    "lastUseTime": 1669300464834,
    "usage": 1,
    "word": "阳寿已欠费"
  },
  {
    "lastUseTime": 1669783548244,
    "usage": 1,
    "word": "娱乐点金手"
  },
  {
    "lastUseTime": 1669982734739,
    "usage": 1,
    "word": "俗人小黑"
  },
  {
    "lastUseTime": 1669986869052,
    "usage": 1,
    "word": "大乘期才有逆袭系统"
  },
  {
    "lastUseTime": 1670388797474,
    "usage": 1,
    "word": "你好，1983"
  },
  {
    "lastUseTime": 1670388801548,
    "usage": 2,
    "word": "隐为者"
  },
  {
    "lastUseTime": 1670410777879,
    "usage": 1,
    "word": "虫族是怎样炼成的"
  },
  {
    "lastUseTime": 1670417825294,
    "usage": 1,
    "word": "聊斋路长生志"
  },
  {
    "lastUseTime": 1670663393913,
    "usage": 1,
    "word": "从全球穿越开始"
  },
  {
    "lastUseTime": 1670682703829,
    "usage": 1,
    "word": "我只想安静地抄书啊"
  },
  {
    "lastUseTime": 1671187837775,
    "usage": 1,
    "word": "光阴之外"
  },
  {
    "lastUseTime": 1671268120334,
    "usage": 3,
    "word": "我的合成天赋"
  },
  {
    "lastUseTime": 1671268126554,
    "usage": 1,
    "word": "问鼎十国"
  },
  {
    "lastUseTime": 1671285936413,
    "usage": 1,
    "word": "名侦探修炼手册"
  },
  {
    "lastUseTime": 1671286623421,
    "usage": 1,
    "word": "纳米崛起"
  },
  {
    "lastUseTime": 1671287049862,
    "usage": 1,
    "word": "百万可能"
  },
  {
    "lastUseTime": 1671287283054,
    "usage": 1,
    "word": "放开那个女巫"
  },
  {
    "lastUseTime": 1671438824973,
    "usage": 1,
    "word": "这个明星来自地球"
  },
  {
    "lastUseTime": 1673874346811,
    "usage": 2,
    "word": "道诡异仙"
  },
  {
    "lastUseTime": 1671542535422,
    "usage": 1,
    "word": "镇妖博物馆"
  },
  {
    "lastUseTime": 1722438487866,
    "usage": 2,
    "word": "噩梦惊袭"
  },
  {
    "lastUseTime": 1672192621090,
    "usage": 1,
    "word": "文艺世界"
  },
  {
    "lastUseTime": 1759641771523,
    "usage": 2,
    "word": "空长青"
  },
  {
    "lastUseTime": 1672926583627,
    "usage": 1,
    "word": "天道方程式"
  },
  {
    "lastUseTime": 1672926595421,
    "usage": 2,
    "word": "二目"
  },
  {
    "lastUseTime": 1672927080335,
    "usage": 1,
    "word": "四合院之开局一只旅行青蛙"
  },
  {
    "lastUseTime": 1672927086554,
    "usage": 2,
    "word": "灾厄渡鸦"
  },
  {
    "lastUseTime": 1672937120180,
    "usage": 1,
    "word": "贫僧不想当影帝"
  },
  {
    "lastUseTime": 1673061165076,
    "usage": 1,
    "word": "首次穿越撞上氢弹是否搞错了什么"
  },
  {
    "lastUseTime": 1673708452914,
    "usage": 2,
    "word": "电影的世界"
  },
  {
    "lastUseTime": 1673063353626,
    "usage": 1,
    "word": "我有好多复活币"
  },
  {
    "lastUseTime": 1673063399029,
    "usage": 1,
    "word": "彪悍的人生"
  },
  {
    "lastUseTime": 1673063658199,
    "usage": 1,
    "word": "回到明朝做昏君"
  },
  {
    "lastUseTime": 1673256188191,
    "usage": 1,
    "word": "我要莽穿娱乐圈"
  },
  {
    "lastUseTime": 1673256257725,
    "usage": 1,
    "word": "就问你气不气"
  },
  {
    "lastUseTime": 1673359035982,
    "usage": 1,
    "word": "视死如归魏君子"
  },
  {
    "lastUseTime": 1673627305545,
    "usage": 1,
    "word": "末世宅在家最稳健"
  },
  {
    "lastUseTime": 1673708545037,
    "usage": 1,
    "word": "电影世界大盗"
  },
  {
    "lastUseTime": 1673708548950,
    "usage": 2,
    "word": "七只跳蚤"
  },
  {
    "lastUseTime": 1673743362641,
    "usage": 1,
    "word": "我不是那种富二代"
  },
  {
    "lastUseTime": 1673862504981,
    "usage": 1,
    "word": "地狱电影院"
  },
  {
    "lastUseTime": 1673874471963,
    "usage": 1,
    "word": "我娘子一个比一个诡异"
  },
  {
    "lastUseTime": 1673874511492,
    "usage": 1,
    "word": "超凡从撕剧本开始"
  },
  {
    "lastUseTime": 1673874605421,
    "usage": 1,
    "word": "大明第一臣"
  },
  {
    "lastUseTime": 1680750579003,
    "usage": 4,
    "word": "三体"
  },
  {
    "lastUseTime": 1674625273850,
    "usage": 1,
    "word": "我在1982有个家"
  },
  {
    "lastUseTime": 1674829827641,
    "usage": 1,
    "word": "地球往事"
  },
  {
    "lastUseTime": 1674829856776,
    "usage": 1,
    "word": "刘慈欣"
  },
  {
    "lastUseTime": 1675009537083,
    "usage": 1,
    "word": "次元法典"
  },
  {
    "lastUseTime": 1675045470556,
    "usage": 1,
    "word": "直播鉴宝：宝友你很不对劲啊"
  },
  {
    "lastUseTime": 1675045599147,
    "usage": 1,
    "word": "1991从芯开始"
  },
  {
    "lastUseTime": 1675046154450,
    "usage": 1,
    "word": "诸天演道"
  },
  {
    "lastUseTime": 1675599368398,
    "usage": 1,
    "word": "旧日之箓"
  },
  {
    "lastUseTime": 1675759377305,
    "usage": 1,
    "word": "诸天替身行"
  },
  {
    "lastUseTime": 1676516303796,
    "usage": 1,
    "word": "大明小学生"
  },
  {
    "lastUseTime": 1676630314381,
    "usage": 1,
    "word": "我的怨气满满"
  },
  {
    "lastUseTime": 1676694280351,
    "usage": 1,
    "word": "库洛牌的魔法使"
  },
  {
    "lastUseTime": 1676705106721,
    "usage": 1,
    "word": "我的诡异人生"
  },
  {
    "lastUseTime": 1676705144584,
    "usage": 1,
    "word": "我的模拟长生路"
  },
  {
    "lastUseTime": 1676818519196,
    "usage": 1,
    "word": "国家宝藏"
  },
  {
    "lastUseTime": 1677509099042,
    "usage": 1,
    "word": "爱潜水的乌贼"
  },
  {
    "lastUseTime": 1680934161842,
    "usage": 2,
    "word": "在武侠世界轮回三年后归来"
  },
  {
    "lastUseTime": 1677550726755,
    "usage": 1,
    "word": "昨日之门"
  },
  {
    "lastUseTime": 1677760234264,
    "usage": 1,
    "word": "天外寄生"
  },
  {
    "lastUseTime": 1677760361089,
    "usage": 1,
    "word": "超时空悖论"
  },
  {
    "lastUseTime": 1678090264805,
    "usage": 1,
    "word": "我的姐夫是太子"
  },
  {
    "lastUseTime": 1678722093328,
    "usage": 1,
    "word": "金属裂纹"
  },
  {
    "lastUseTime": 1678931587940,
    "usage": 1,
    "word": "一人三条狗，诸天横着走"
  },
  {
    "lastUseTime": 1678957284856,
    "usage": 1,
    "word": "末日从噩梦开始"
  },
  {
    "lastUseTime": 1679146114968,
    "usage": 1,
    "word": "无敌从拳法大成开始"
  },
  {
    "lastUseTime": 1679236320897,
    "usage": 1,
    "word": "革秦"
  },
  {
    "lastUseTime": 1679236371075,
    "usage": 1,
    "word": "寄生之子"
  },
  {
    "lastUseTime": 1679236532222,
    "usage": 1,
    "word": "五百个郭靖"
  },
  {
    "lastUseTime": 1679236661809,
    "usage": 1,
    "word": "佛爷棍下不留生"
  },
  {
    "lastUseTime": 1679236715815,
    "usage": 1,
    "word": "异维度游戏"
  },
  {
    "lastUseTime": 1679236754812,
    "usage": 1,
    "word": "不可思议的山海"
  },
  {
    "lastUseTime": 1679236799693,
    "usage": 1,
    "word": "我的人生可以无限模拟"
  },
  {
    "lastUseTime": 1680046562888,
    "usage": 1,
    "word": "真科技无双"
  },
  {
    "lastUseTime": 1680187206761,
    "usage": 1,
    "word": "开局失业，我让歌坛大魔王回归"
  },
  {
    "lastUseTime": 1680278518022,
    "usage": 1,
    "word": "行走诸天万界的旅者"
  },
  {
    "lastUseTime": 1680355547309,
    "usage": 1,
    "word": "我的瓶中宇宙"
  },
  {
    "lastUseTime": 1680484466896,
    "usage": 1,
    "word": "蹭出个综艺男神"
  },
  {
    "lastUseTime": 1680591678964,
    "usage": 1,
    "word": "文娱教父"
  },
  {
    "lastUseTime": 1680599303304,
    "usage": 1,
    "word": "学霸的科幻世界"
  },
  {
    "lastUseTime": 1680945805276,
    "usage": 1,
    "word": "我有一枚两界印"
  },
  {
    "lastUseTime": 1680963832469,
    "usage": 1,
    "word": "生活系巨星"
  },
  {
    "lastUseTime": 1680964047988,
    "usage": 2,
    "word": "重生之文豪崛起"
  },
  {
    "lastUseTime": 1681090311120,
    "usage": 1,
    "word": "同时穿越了99个世界"
  },
  {
    "lastUseTime": 1681273598672,
    "usage": 1,
    "word": "众星之主"
  },
  {
    "lastUseTime": 1681273640768,
    "usage": 1,
    "word": "诸天长生从明玉功开始"
  },
  {
    "lastUseTime": 1681273978492,
    "usage": 1,
    "word": "医学模拟器"
  },
  {
    "lastUseTime": 1681274062357,
    "usage": 1,
    "word": "异仙列传"
  },
  {
    "lastUseTime": 1681430439835,
    "usage": 1,
    "word": "汉世祖"
  },
  {
    "lastUseTime": 1681430679133,
    "usage": 1,
    "word": "日常系血族"
  },
  {
    "lastUseTime": 1681430759492,
    "usage": 1,
    "word": "全球崩坏"
  },
  {
    "lastUseTime": 1681459715460,
    "usage": 1,
    "word": "出笼记"
  },
  {
    "lastUseTime": 1681459813274,
    "usage": 1,
    "word": "时空开发指南"
  },
  {
    "lastUseTime": 1681459858221,
    "usage": 1,
    "word": "时空干涉手册"
  },
  {
    "lastUseTime": 1681873241877,
    "usage": 1,
    "word": "全世界都是演员"
  },
  {
    "lastUseTime": 1681918035799,
    "usage": 1,
    "word": "码农修真"
  },
  {
    "lastUseTime": 1681918582188,
    "usage": 1,
    "word": "黄天之世"
  },
  {
    "lastUseTime": 1682209853603,
    "usage": 1,
    "word": "皇兄何故造反"
  },
  {
    "lastUseTime": 1748953570608,
    "usage": 5,
    "word": "魔性沧月"
  },
  {
    "lastUseTime": 1682316922744,
    "usage": 1,
    "word": "我一个人砍翻乱世"
  },
  {
    "lastUseTime": 1682317029379,
    "usage": 1,
    "word": "大秦：不装了，你爹我是秦始皇"
  },
  {
    "lastUseTime": 1682381046597,
    "usage": 4,
    "word": "从红月开始"
  },
  {
    "lastUseTime": 1682586607984,
    "usage": 1,
    "word": "我有一身被动技"
  },
  {
    "lastUseTime": 1682605847883,
    "usage": 1,
    "word": "随时可以重生"
  },
  {
    "lastUseTime": 1682628289959,
    "usage": 1,
    "word": "朕就是亡国之君"
  },
  {
    "lastUseTime": 1682628323260,
    "usage": 1,
    "word": "新顺1730"
  },
  {
    "lastUseTime": 1682628355504,
    "usage": 1,
    "word": "家父隋炀帝"
  },
  {
    "lastUseTime": 1683208172394,
    "usage": 1,
    "word": "江湖风云第一刀"
  },
  {
    "lastUseTime": 1683289986237,
    "usage": 1,
    "word": "巫师世界的永生者"
  },
  {
    "lastUseTime": 1683335456334,
    "usage": 1,
    "word": "玄鉴仙族"
  },
  {
    "lastUseTime": 1683380937739,
    "usage": 1,
    "word": "光明行者"
  },
  {
    "lastUseTime": 1683566295237,
    "usage": 1,
    "word": "倒数第十天"
  },
  {
    "lastUseTime": 1683869799936,
    "usage": 1,
    "word": "我行走在诸天世界"
  },
  {
    "lastUseTime": 1684053529853,
    "usage": 2,
    "word": "全球洞窟求生"
  },
  {
    "lastUseTime": 1684419499854,
    "usage": 1,
    "word": "正经人谁在漫威学魔法啊"
  },
  {
    "lastUseTime": 1684419687581,
    "usage": 1,
    "word": "鼠行诸天万界"
  },
  {
    "lastUseTime": 1684419758971,
    "usage": 1,
    "word": "诸天顶峰"
  },
  {
    "lastUseTime": 1684806307913,
    "usage": 4,
    "word": "从up主开始"
  },
  {
    "lastUseTime": 1684806481846,
    "usage": 1,
    "word": "在漫威当超级英雄的那些年"
  },
  {
    "lastUseTime": 1685374099754,
    "usage": 1,
    "word": "塞壬之刃"
  },
  {
    "lastUseTime": 1685541489190,
    "usage": 1,
    "word": "维度侵蚀者"
  },
  {
    "lastUseTime": 1685541608290,
    "usage": 1,
    "word": "欢迎来到BOSS队"
  },
  {
    "lastUseTime": 1685856528281,
    "usage": 1,
    "word": "唯有神"
  },
  {
    "lastUseTime": 1686047779591,
    "usage": 1,
    "word": "我真不是魔神啊"
  },
  {
    "lastUseTime": 1686091359003,
    "usage": 1,
    "word": "术师手册"
  },
  {
    "lastUseTime": 1686217455434,
    "usage": 2,
    "word": "这个简化太离谱了"
  },
  {
    "lastUseTime": 1686229084735,
    "usage": 1,
    "word": "工业狂魔"
  },
  {
    "lastUseTime": 1686229159854,
    "usage": 1,
    "word": "大国科技"
  },
  {
    "lastUseTime": 1686498214298,
    "usage": 1,
    "word": "非正常音乐家"
  },
  {
    "lastUseTime": 1687534028081,
    "usage": 1,
    "word": "洪荒关系户"
  },
  {
    "lastUseTime": 1687789609269,
    "usage": 1,
    "word": "我的时空旅舍"
  },
  {
    "lastUseTime": 1687789628014,
    "usage": 2,
    "word": "金色茉莉花"
  },
  {
    "lastUseTime": 1687966864785,
    "usage": 1,
    "word": "我真的不是气运之子"
  },
  {
    "lastUseTime": 1687967009757,
    "usage": 1,
    "word": "封神之我要当昏君"
  },
  {
    "lastUseTime": 1701958180575,
    "usage": 2,
    "word": "我写的自传不可能是悲剧"
  },
  {
    "lastUseTime": 1688681074603,
    "usage": 1,
    "word": "我真的控制不住自己"
  },
  {
    "lastUseTime": 1688681080961,
    "usage": 1,
    "word": "张扬的五月"
  },
  {
    "lastUseTime": 1688681193702,
    "usage": 1,
    "word": "虐杀原形的无限之旅"
  },
  {
    "lastUseTime": 1688681259317,
    "usage": 1,
    "word": "游历万界的永生"
  },
  {
    "lastUseTime": 1688681265320,
    "usage": 2,
    "word": "花前临清风"
  },
  {
    "lastUseTime": 1689345919964,
    "usage": 1,
    "word": "超自然事件调查笔记"
  },
  {
    "lastUseTime": 1721270418076,
    "usage": 7,
    "word": "你们宇宙真是太脆弱了"
  },
  {
    "lastUseTime": 1689750621795,
    "usage": 1,
    "word": "大明：我，朱棣，开局扬言夺嫡"
  },
  {
    "lastUseTime": 1707399387736,
    "usage": 2,
    "word": "石闻"
  },
  {
    "lastUseTime": 1690473359253,
    "usage": 1,
    "word": "开局顶流的我怎么会糊"
  },
  {
    "lastUseTime": 1690500469862,
    "usage": 1,
    "word": "医者无眠"
  },
  {
    "lastUseTime": 1690623877896,
    "usage": 1,
    "word": "我绑架了时间线"
  },
  {
    "lastUseTime": 1690623883103,
    "usage": 1,
    "word": "一刀斩斩斩"
  },
  {
    "lastUseTime": 1690766997246,
    "usage": 1,
    "word": "我怎么模拟成了大反派"
  },
  {
    "lastUseTime": 1690767120779,
    "usage": 1,
    "word": "穿越雨化田，开局葵花宝典大圆满"
  },
  {
    "lastUseTime": 1690767220262,
    "usage": 1,
    "word": "我是反派，我选择开摆"
  },
  {
    "lastUseTime": 1690767238918,
    "usage": 1,
    "word": "老六下山"
  },
  {
    "lastUseTime": 1691439195272,
    "usage": 1,
    "word": "全球进入大洪水时代"
  },
  {
    "lastUseTime": 1692022968788,
    "usage": 1,
    "word": "斯巴达全面战争"
  },
  {
    "lastUseTime": 1692801813816,
    "usage": 1,
    "word": "诡异巫师世界"
  },
  {
    "lastUseTime": 1692967281594,
    "usage": 1,
    "word": "什么叫一流救世主"
  },
  {
    "lastUseTime": 1693048108909,
    "usage": 1,
    "word": "武德充沛"
  },
  {
    "lastUseTime": 1693174297117,
    "usage": 3,
    "word": "带着网咖回1950"
  },
  {
    "lastUseTime": 1693408975290,
    "usage": 1,
    "word": "瀚海唐儿归"
  },
  {
    "lastUseTime": 1693431354503,
    "usage": 1,
    "word": "我的手机连接游戏仓库"
  },
  {
    "lastUseTime": 1693572211963,
    "usage": 1,
    "word": "迪迦：从哥尔赞开始的无限进化"
  },
  {
    "lastUseTime": 1694049944127,
    "usage": 1,
    "word": "古神在低语"
  },
  {
    "lastUseTime": 1694280964972,
    "usage": 1,
    "word": "业火之剑"
  },
  {
    "lastUseTime": 1694826160815,
    "usage": 1,
    "word": "大秦国相"
  },
  {
    "lastUseTime": 1694945568173,
    "usage": 1,
    "word": "陈医生，别怂！"
  },
  {
    "lastUseTime": 1695018244941,
    "usage": 1,
    "word": "我的物资那么多"
  },
  {
    "lastUseTime": 1695223243500,
    "usage": 1,
    "word": "国姓窃明"
  },
  {
    "lastUseTime": 1695260316345,
    "usage": 1,
    "word": "低维游戏"
  },
  {
    "lastUseTime": 1695261075745,
    "usage": 1,
    "word": "王国血脉"
  },
  {
    "lastUseTime": 1695477599949,
    "usage": 1,
    "word": "我在魔法世界开创互联网时代"
  },
  {
    "lastUseTime": 1695773748992,
    "usage": 1,
    "word": "影视世界从药神开始"
  },
  {
    "lastUseTime": 1696090063221,
    "usage": 1,
    "word": "无限辉煌图卷"
  },
  {
    "lastUseTime": 1696090189139,
    "usage": 1,
    "word": "满唐红"
  },
  {
    "lastUseTime": 1696093249322,
    "usage": 1,
    "word": "从武当开始的诸天之旅"
  },
  {
    "lastUseTime": 1696165310120,
    "usage": 1,
    "word": "超维杀"
  },
  {
    "lastUseTime": 1696217806167,
    "usage": 1,
    "word": "老子就是要当皇帝"
  },
  {
    "lastUseTime": 1696342524925,
    "usage": 1,
    "word": "我的投资时代"
  },
  {
    "lastUseTime": 1696342906752,
    "usage": 1,
    "word": "华娱之我即是天命"
  },
  {
    "lastUseTime": 1696429039914,
    "usage": 1,
    "word": "困在日食那天"
  },
  {
    "lastUseTime": 1696598371331,
    "usage": 1,
    "word": "大家请我当皇帝"
  },
  {
    "lastUseTime": 1696667357307,
    "usage": 1,
    "word": "活在诸天"
  },
  {
    "lastUseTime": 1696667509459,
    "usage": 1,
    "word": "武侠世界轮回者"
  },
  {
    "lastUseTime": 1696695798759,
    "usage": 2,
    "word": "我的江湖"
  },
  {
    "lastUseTime": 1696900316041,
    "usage": 1,
    "word": "抢救大明朝"
  },
  {
    "lastUseTime": 1696900338081,
    "usage": 1,
    "word": "大罗罗"
  },
  {
    "lastUseTime": 1696900551475,
    "usage": 1,
    "word": "临高启明"
  },
  {
    "lastUseTime": 1697008086060,
    "usage": 1,
    "word": "天地封神"
  },
  {
    "lastUseTime": 1697819783186,
    "usage": 1,
    "word": "困在日食的那一天"
  },
  {
    "lastUseTime": 1697893634878,
    "usage": 1,
    "word": "从低魔世界归来，先做人工智能"
  },
  {
    "lastUseTime": 1698198426168,
    "usage": 1,
    "word": "完美世界"
  },
  {
    "lastUseTime": 1698248160862,
    "usage": 1,
    "word": "我在聊天群模拟长生路"
  },
  {
    "lastUseTime": 1698588309450,
    "usage": 1,
    "word": "道士破天"
  },
  {
    "lastUseTime": 1699086067304,
    "usage": 1,
    "word": "新书"
  },
  {
    "lastUseTime": 1699343755442,
    "usage": 2,
    "word": "全球诡异：我能提前模拟"
  },
  {
    "lastUseTime": 1699889916916,
    "usage": 1,
    "word": "我能超越空间"
  },
  {
    "lastUseTime": 1699965381206,
    "usage": 1,
    "word": "异常收藏家"
  },
  {
    "lastUseTime": 1700127325384,
    "usage": 1,
    "word": "映照万界"
  },
  {
    "lastUseTime": 1700497068562,
    "usage": 1,
    "word": "怪谈作者拖更日记"
  },
  {
    "lastUseTime": 1700808818125,
    "usage": 2,
    "word": "副本流"
  },
  {
    "lastUseTime": 1700808837848,
    "usage": 1,
    "word": "我的诸天超脱日志"
  },
  {
    "lastUseTime": 1700990583780,
    "usage": 1,
    "word": "诡异降临？还好我是十殿阎王"
  },
  {
    "lastUseTime": 1700990613156,
    "usage": 1,
    "word": "十月不吃瓜"
  },
  {
    "lastUseTime": 1701219533373,
    "usage": 1,
    "word": "三百斤的微笑"
  },
  {
    "lastUseTime": 1701840129987,
    "usage": 1,
    "word": "末日模拟器，我以剑道证超凡"
  },
  {
    "lastUseTime": 1701907429072,
    "usage": 1,
    "word": "箱子里的大明"
  },
  {
    "lastUseTime": 1702088452733,
    "usage": 1,
    "word": "文骚"
  },
  {
    "lastUseTime": 1702088468935,
    "usage": 1,
    "word": "万界淘宝商"
  },
  {
    "lastUseTime": 1702219831497,
    "usage": 1,
    "word": "我突然有了高维干涉力"
  },
  {
    "lastUseTime": 1702219857638,
    "usage": 1,
    "word": "偶尔摸下鱼"
  },
  {
    "lastUseTime": 1702372559010,
    "usage": 1,
    "word": "我拍个鬼片，咋就成天师了？"
  },
  {
    "lastUseTime": 1703692779062,
    "usage": 1,
    "word": "极端冰封"
  },
  {
    "lastUseTime": 1707399256393,
    "usage": 2,
    "word": "黑暗狗熊"
  },
  {
    "lastUseTime": 1705541768917,
    "usage": 2,
    "word": "重生之大文豪"
  },
  {
    "lastUseTime": 1706809727163,
    "usage": 1,
    "word": "回到史前当野人"
  },
  {
    "lastUseTime": 1706811176435,
    "usage": 2,
    "word": "庄申晨"
  },
  {
    "lastUseTime": 1707145678126,
    "usage": 1,
    "word": "什么叫一流救世主啊"
  },
  {
    "lastUseTime": 1707229765255,
    "usage": 1,
    "word": "大明国师"
  },
  {
    "lastUseTime": 1707418560599,
    "usage": 1,
    "word": "万界守门人"
  },
  {
    "lastUseTime": 1707669770777,
    "usage": 1,
    "word": "电影世界大拯救"
  },
  {
    "lastUseTime": 1707976306649,
    "usage": 1,
    "word": "这个综武"
  },
  {
    "lastUseTime": 1708051701235,
    "usage": 1,
    "word": "龙升云霄"
  },
  {
    "lastUseTime": 1708051767690,
    "usage": 1,
    "word": "庆余年"
  },
  {
    "lastUseTime": 1708052074415,
    "usage": 1,
    "word": "猫腻"
  },
  {
    "lastUseTime": 1708100910076,
    "usage": 2,
    "word": "孑与2"
  },
  {
    "lastUseTime": 1708235155929,
    "usage": 1,
    "word": "能穿越的我该怎么浪"
  },
  {
    "lastUseTime": 1708449831795,
    "usage": 1,
    "word": "守望黎明号"
  },
  {
    "lastUseTime": 1708612947417,
    "usage": 1,
    "word": "我真是穿越者"
  },
  {
    "lastUseTime": 1709264707867,
    "usage": 1,
    "word": "无敌从先造个世界开始"
  },
  {
    "lastUseTime": 1709264903339,
    "usage": 1,
    "word": "我就是神"
  },
  {
    "lastUseTime": 1712836201263,
    "usage": 1,
    "word": "死后三万年"
  },
  {
    "lastUseTime": 1713270726844,
    "usage": 1,
    "word": "低维降临"
  },
  {
    "lastUseTime": 1713793358495,
    "usage": 1,
    "word": "我能复制机械的能力"
  },
  {
    "lastUseTime": 1713958758323,
    "usage": 1,
    "word": "无限轮回荣光"
  },
  {
    "lastUseTime": 1713958793896,
    "usage": 1,
    "word": "我本无意成仙"
  },
  {
    "lastUseTime": 1715001015025,
    "usage": 1,
    "word": "时空长河的旅者"
  },
  {
    "lastUseTime": 1715011357345,
    "usage": 1,
    "word": "终于联系上地球，你说不要回答？"
  },
  {
    "lastUseTime": 1715263775948,
    "usage": 1,
    "word": "大明第一贪官"
  },
  {
    "lastUseTime": 1716283877847,
    "usage": 1,
    "word": "精神怪谈"
  },
  {
    "lastUseTime": 1717657580444,
    "usage": 1,
    "word": "我要做皇帝"
  },
  {
    "lastUseTime": 1718334853201,
    "usage": 1,
    "word": "我能一次次回档重生"
  },
  {
    "lastUseTime": 1718361747752,
    "usage": 1,
    "word": "神佛竟是我自己"
  },
  {
    "lastUseTime": 1718361879499,
    "usage": 1,
    "word": "两界：从关公像睁眼开始"
  },
  {
    "lastUseTime": 1719634772484,
    "usage": 1,
    "word": "从赛博朋克开始的跨位面科工"
  },
  {
    "lastUseTime": 1720401796328,
    "usage": 1,
    "word": "我把修仙界上交给国家"
  },
  {
    "lastUseTime": 1720776099648,
    "usage": 1,
    "word": "秦吏"
  },
  {
    "lastUseTime": 1721051921570,
    "usage": 1,
    "word": "灭运图录"
  },
  {
    "lastUseTime": 1721132257830,
    "usage": 1,
    "word": "我的1991"
  },
  {
    "lastUseTime": 1721132366369,
    "usage": 1,
    "word": "神话纪元，我进化成了恒星级巨兽"
  },
  {
    "lastUseTime": 1721132466198,
    "usage": 1,
    "word": "期待在异世界"
  },
  {
    "lastUseTime": 1721270383980,
    "usage": 1,
    "word": "我说了我会时光倒流"
  },
  {
    "lastUseTime": 1721667497627,
    "usage": 2,
    "word": "宿主请留步"
  },
  {
    "lastUseTime": 1722438402306,
    "usage": 1,
    "word": "从手搓CPU开始横扫宇宙"
  },
  {
    "lastUseTime": 1722438749684,
    "usage": 1,
    "word": "盗墓之敲棺"
  },
  {
    "lastUseTime": 1723390967870,
    "usage": 1,
    "word": "他太听劝了，竟然真练成了超凡"
  },
  {
    "lastUseTime": 1723391060822,
    "usage": 1,
    "word": "影视世界中的旅行者"
  },
  {
    "lastUseTime": 1723391572852,
    "usage": 1,
    "word": "从虐杀原形开始不死不灭"
  },
  {
    "lastUseTime": 1723391709048,
    "usage": 1,
    "word": "我的梦里有个外星文明"
  },
  {
    "lastUseTime": 1723391776368,
    "usage": 1,
    "word": "诸天影视流浪"
  },
  {
    "lastUseTime": 1723391834932,
    "usage": 1,
    "word": "从美漫开始获取黑科技"
  },
  {
    "lastUseTime": 1723391865389,
    "usage": 3,
    "word": "暴走大气球"
  },
  {
    "lastUseTime": 1724663934760,
    "usage": 1,
    "word": "我的世界双穿门"
  },
  {
    "lastUseTime": 1724663965672,
    "usage": 1,
    "word": "李瀚阳"
  },
  {
    "lastUseTime": 1724664364857,
    "usage": 1,
    "word": "时空穿梭之无尽的副本世界"
  },
  {
    "lastUseTime": 1724664505879,
    "usage": 1,
    "word": "末日真的不来了？"
  },
  {
    "lastUseTime": 1725208465441,
    "usage": 1,
    "word": "文化抵抗最前线"
  },
  {
    "lastUseTime": 1725703411464,
    "usage": 1,
    "word": "你专家组，怎么跟我一逃犯学刑侦"
  },
  {
    "lastUseTime": 1728131494334,
    "usage": 1,
    "word": "捞尸人"
  },
  {
    "lastUseTime": 1729467642182,
    "usage": 1,
    "word": "非凡洪荒"
  },
  {
    "lastUseTime": 1729467692819,
    "usage": 1,
    "word": "修神外传"
  },
  {
    "lastUseTime": 1734096912629,
    "usage": 1,
    "word": "重生商纣，开局怒怼圣人女娲"
  },
  {
    "lastUseTime": 1738734327725,
    "usage": 1,
    "word": "窃明"
  },
  {
    "lastUseTime": 1738898759516,
    "usage": 1,
    "word": "山沟皇帝"
  },
  {
    "lastUseTime": 1757941964033,
    "usage": 1,
    "word": "圣骑士的传说"
  }
]